relative_path,filename,has_nonzero_copy_elsewhere,looks_project_related
table_formatter.py,table_formatter.py,False,False
scale.py,scale.py,False,False
text_file.py,text_file.py,False,False
README_FOR_SENIOR.md,README_FOR_SENIOR.md,True,False
interpolate.py,interpolate.py,False,False
test_io.py,test_io.py,False,False
e164.py,e164.py,False,False
streams.py,streams.py,False,False
request.py,request.py,False,False
securitycenter_v2_messages.py,securitycenter_v2_messages.py,False,False
more.py,more.py,False,False
stride_tricks.py,stride_tricks.py,False,False
test_function.py,test_function.py,False,False
wcwidth.py,wcwidth.py,False,False
_decorators.py,_decorators.py,False,False
etree_lxml.py,etree_lxml.py,False,False
c_generator.py,c_generator.py,False,False
groc.py,groc.py,False,False
run_seg.sh,run_seg.sh,True,True
test_function_base.py,test_function_base.py,False,False
metadata.py,metadata.py,False,False
_validators.py,_validators.py,False,False
ondemandscanning_v1_messages.py,ondemandscanning_v1_messages.py,False,False
securitycenter_v1_messages.py,securitycenter_v1_messages.py,False,False
schema.py,schema.py,False,False
osconfig_v1alpha_messages.py,osconfig_v1alpha_messages.py,False,False
test_matplotlib.py,test_matplotlib.py,False,False
test_multiarray.py,test_multiarray.py,False,False
service.py,service.py,False,False
build_methane_event_table.py,build_methane_event_table.py,True,True
multisensor.py,multisensor.py,True,True
gkehub_v1_messages.py,gkehub_v1_messages.py,False,False
polyutils.py,polyutils.py,False,False
recognizers.py,recognizers.py,False,False
_create_alpha.yaml,_create_alpha.yaml,False,False
html5parser.py,html5parser.py,False,False
test_groupby.py,test_groupby.py,False,False
README.md,README.md,True,False
multitype.py,multitype.py,False,False
deploymentmanager_v2beta_messages.py,deploymentmanager_v2beta_messages.py,False,False
containeranalysis_v1beta1_messages.py,containeranalysis_v1beta1_messages.py,False,False
command_conventions.py,command_conventions.py,False,False
filter_design.py,filter_design.py,False,False
test_stats.py,test_stats.py,False,False
servicedirectory_v1beta1_messages.py,servicedirectory_v1beta1_messages.py,False,False
history.py,history.py,False,False
build_one_av3_methanefuse_test.py,build_one_av3_methanefuse_test.py,True,True
test_pep8_converter.py,test_pep8_converter.py,False,False
backend_qt5.py,backend_qt5.py,False,False
gkehub_v1alpha_messages.py,gkehub_v1alpha_messages.py,False,False
esoteric.py,esoteric.py,False,False
forth.py,forth.py,False,False
transform.py,transform.py,False,False
paginator.py,paginator.py,False,False
console_widget.py,console_widget.py,False,False
integrate_aviris3_into_professor_master_before_provenance_fix.py,integrate_aviris3_into_professor_master_before_provenance_fix.py,True,True
args.py,args.py,False,False
monitoring.py,monitoring.py,False,False
client_logging.py,client_logging.py,False,False
tz.py,tz.py,False,False
histograms.py,histograms.py,False,False
data.py,data.py,False,False
signers.py,signers.py,False,False
download_emit_v2_posneg.py,download_emit_v2_posneg.py,True,True
run_v1_messages.py,run_v1_messages.py,False,True
naming.py,naming.py,False,False
javascript.py,javascript.py,False,False
emitter.py,emitter.py,False,True
genomics_v1alpha2_messages.py,genomics_v1alpha2_messages.py,False,False
deletetags.py,deletetags.py,False,False
delete.py,delete.py,False,False
file_v1beta1_messages.py,file_v1beta1_messages.py,False,False
containeranalysis_v1_messages.py,containeranalysis_v1_messages.py,False,False
manager.py,manager.py,False,False
connection.py,connection.py,False,False
vectorsearch_v1_messages.py,vectorsearch_v1_messages.py,False,False
get_iam_policy.py,get_iam_policy.py,False,False
generate_cli_trees.py,generate_cli_trees.py,False,False
bigtableadmin_v2_messages.py,bigtableadmin_v2_messages.py,False,False
compiler.py,compiler.py,False,False
build_patchvalid_balanced20_rematched.py,build_patchvalid_balanced20_rematched.py,True,True
fastexport.py,fastexport.py,False,False
ssh.py,ssh.py,False,False
test_tightlayout.py,test_tightlayout.py,False,False
CHANGES.md,CHANGES.md,False,False
collection.py,collection.py,False,False
sf_error.py,sf_error.py,False,False
clone.py,clone.py,False,False
aiplatform_v1beta1_messages.py,aiplatform_v1beta1_messages.py,False,False
segmentation.py,segmentation.py,True,False
completion.py,completion.py,False,False
_solvers.py,_solvers.py,False,False
eval_segmentation.yaml,eval_segmentation.yaml,True,True
yaml_listener.py,yaml_listener.py,False,False
HISTORY.md,HISTORY.md,False,False
sanitize.py,sanitize.py,False,False
test_dates.py,test_dates.py,False,False
test_colors.py,test_colors.py,False,False
test_legend.py,test_legend.py,False,False
prepare_emit_for_methanefuse.py,prepare_emit_for_methanefuse.py,True,True
main.py,main.py,False,False
handlers.py,handlers.py,False,False
managedidentities_v1alpha1_messages.py,managedidentities_v1alpha1_messages.py,False,False
command_mkdef.py,command_mkdef.py,False,False
gcs_json_credentials.py,gcs_json_credentials.py,False,False
docker_puller_.py,docker_puller_.py,False,False
scanner.py,scanner.py,False,False
base_frontend_mixin.py,base_frontend_mixin.py,False,False
test_gcrotmk.py,test_gcrotmk.py,False,False
gnu.py,gnu.py,False,False
action.py,action.py,False,False
genomics_v1_messages.py,genomics_v1_messages.py,False,False
logging_v2_messages.py,logging_v2_messages.py,False,False
_base.py,_base.py,False,False
create.py,create.py,False,False
name.py,name.py,False,False
html5lib_shim.py,html5lib_shim.py,False,False
memcache_v1_messages.py,memcache_v1_messages.py,False,False
iap_v1_messages.py,iap_v1_messages.py,False,False
logs_util.py,logs_util.py,False,False
connection-lifecycle.md,connection-lifecycle.md,False,False
build_patchvalid_balanced20.py,build_patchvalid_balanced20.py,True,True
LAparser.py,LAparser.py,False,False
_formlayout.py,_formlayout.py,False,False
cyaml.py,cyaml.py,False,False
shell.py,shell.py,False,False
test_connection.py,test_connection.py,False,False
arg_parsers.py,arg_parsers.py,False,False
waiter.py,waiter.py,False,False
endpoint.py,endpoint.py,False,False
setup_common.py,setup_common.py,False,False
_sourcemod_builtins.py,_sourcemod_builtins.py,False,False
artist.py,artist.py,False,False
html.py,html.py,False,False
managedidentities_v1beta1_messages.py,managedidentities_v1beta1_messages.py,False,False
ANSI.py,ANSI.py,False,False
emit_wv3_temporal.py,emit_wv3_temporal.py,True,True
search_emit_v2_controlled_release_availability.py,search_emit_v2_controlled_release_availability.py,True,True
entry_builders.py,entry_builders.py,False,False
test_deprecations.py,test_deprecations.py,False,False
policysimulator_v1alpha_messages.py,policysimulator_v1alpha_messages.py,False,False
_generate_pyx.py,_generate_pyx.py,False,False
mock_logging_handler.py,mock_logging_handler.py,False,False
axes3d.py,axes3d.py,False,False
gkehub_v1alpha1_messages.py,gkehub_v1alpha1_messages.py,False,False
function_base.py,function_base.py,False,False
build_mars_download_lists.py,build_mars_download_lists.py,False,True
deploymentmanager_alpha_messages.py,deploymentmanager_alpha_messages.py,False,False
man_renderer.py,man_renderer.py,False,False
_testing.py,_testing.py,False,False
inference_480m.py,inference_480m.py,True,False
parser.py,parser.py,False,False
agentregistry_v1alpha_messages.py,agentregistry_v1alpha_messages.py,False,False
escape.py,escape.py,False,False
api.py,api.py,False,False
kms.py,kms.py,False,False
test_theil_sen.py,test_theil_sen.py,False,False
inprocess.py,inprocess.py,False,False
_tokenizer.py,_tokenizer.py,False,False
test_requests.py,test_requests.py,False,False
resource.py,resource.py,False,False
test_util.py,test_util.py,False,False
rdataset.py,rdataset.py,False,True
ticker.py,ticker.py,False,False
session.py,session.py,False,False
file_v1_messages.py,file_v1_messages.py,False,False
backend_tools.py,backend_tools.py,False,False
integrate_aviris3_into_professor_master.py,integrate_aviris3_into_professor_master.py,True,True
shape.py,shape.py,False,False
jupyter_widget.py,jupyter_widget.py,False,False
PyColorize.py,PyColorize.py,False,False
task_executor.py,task_executor.py,False,False
client.py,client.py,False,False
yacc.py,yacc.py,False,False
test_analytics.py,test_analytics.py,False,False
_logging.py,_logging.py,False,False
validate_aviris3_final20_loader.py,validate_aviris3_final20_loader.py,True,True
zone.py,zone.py,False,False
test_instance_group_args.py,test_instance_group_args.py,False,False
plot_sensor_set_transfer_f1_480m_readable.py,plot_sensor_set_transfer_f1_480m_readable.py,True,False
factory.py,factory.py,False,False
config.py,config.py,False,False
graphics.py,graphics.py,False,False
satmae_ft_avg_fusion_480m.py,satmae_ft_avg_fusion_480m.py,True,False
_shlex.py,_shlex.py,False,False
misc.py,misc.py,False,False
test_memmapping.py,test_memmapping.py,False,False
archive_util.py,archive_util.py,False,False
recompiler.py,recompiler.py,False,False
run_single.sh,run_single.sh,True,True
build_classification_dataset_start.py,build_classification_dataset_start.py,True,True
cloudbuild_v1_messages.py,cloudbuild_v1_messages.py,False,True
backend_pdf.py,backend_pdf.py,False,False
loaddata.py,loaddata.py,False,False
standard.py,standard.py,False,False
test_sphinxext.py,test_sphinxext.py,False,False
memcache_v1beta2_messages.py,memcache_v1beta2_messages.py,False,False
frontend_widget.py,frontend_widget.py,False,False
attributes.py,attributes.py,False,False
render_document.py,render_document.py,False,False
repair_emit_plm_labels.py,repair_emit_plm_labels.py,True,True
audit_all_local_s2_reference.py,audit_all_local_s2_reference.py,True,True
_python_package_support.py,_python_package_support.py,False,False
_php_builtins.py,_php_builtins.py,False,False
error.py,error.py,False,False
unet_multisensor_baseline_iou_plus.py,unet_multisensor_baseline_iou_plus.py,True,True
v1beta1_event.py,v1beta1_event.py,False,False
serializer.py,serializer.py,False,False
securitycentermanagement_v1_messages.py,securitycentermanagement_v1_messages.py,False,False
tempdir.py,tempdir.py,False,False
npyio.py,npyio.py,False,False
my_shlex.py,my_shlex.py,False,False
test_artist.py,test_artist.py,False,False
genomics_v2alpha1_messages.py,genomics_v2alpha1_messages.py,False,False
test_umath.py,test_umath.py,False,False
backend_bases.py,backend_bases.py,False,False
constraint.py,constraint.py,False,True
get_iam_policy.yaml,get_iam_policy.yaml,False,False
pyplot.py,pyplot.py,False,False
dictionaries_2024.py,dictionaries_2024.py,True,False
inputhookqt4.py,inputhookqt4.py,False,False
file_v1p1alpha1_messages.py,file_v1p1alpha1_messages.py,False,False
utils.py,utils.py,False,False
logging.py,logging.py,False,False
dumper.py,dumper.py,False,False
linkifier.py,linkifier.py,False,False
urbi.py,urbi.py,False,False
hooks.py,hooks.py,False,False
evaluate_classification_with_predictions.py,evaluate_classification_with_predictions.py,True,True
stream.py,stream.py,False,False
test_https.py,test_https.py,False,False
_update_alpha.yaml,_update_alpha.yaml,False,False
tree.py,tree.py,False,False
nearley.py,nearley.py,False,False
run_v1alpha1_messages.py,run_v1alpha1_messages.py,False,True
test_image.py,test_image.py,False,False
dataflow_v1b3_messages.py,dataflow_v1b3_messages.py,False,False
policytroubleshooter_v3alpha_messages.py,policytroubleshooter_v3alpha_messages.py,False,False
attr.py,attr.py,False,False
_testutils.py,_testutils.py,False,False
policytroubleshooter_v3beta_messages.py,policytroubleshooter_v3beta_messages.py,False,False
gkehub_v1beta1_messages.py,gkehub_v1beta1_messages.py,False,False
comms.py,comms.py,False,False
test_ufunc.py,test_ufunc.py,False,False
gkehub_v1beta_messages.py,gkehub_v1beta_messages.py,False,False
prepare_emit_for_methanefuse_v2.py,prepare_emit_for_methanefuse_v2.py,True,True
tag_emitter.py,tag_emitter.py,False,True
containeranalysis_v1alpha1_messages.py,containeranalysis_v1alpha1_messages.py,False,False
sql.py,sql.py,False,False
completer.py,completer.py,False,False
redundancy.py,redundancy.py,False,False
build_final_aviris3_methanefuse20_exact.py,build_final_aviris3_methanefuse20_exact.py,True,True
__init__.py,__init__.py,True,False
_parser.py,_parser.py,False,False
select_exact_patchvalid_negatives.py,select_exact_patchvalid_negatives.py,True,False
make_unique_overpass_table.py,make_unique_overpass_table.py,True,False
method.py,method.py,False,False
layer1.py,layer1.py,False,False
build_all_av3_methanefuse_58.py,build_all_av3_methanefuse_58.py,True,True
test_cbook.py,test_cbook.py,False,False
visualize_prediction.py,visualize_prediction.py,True,False
collections.py,collections.py,False,False
log_utils.py,log_utils.py,False,False
connectionpool.py,connectionpool.py,False,False
evaluate_segmentation.py,evaluate_segmentation.py,True,True
dbt_metadata_job.py,dbt_metadata_job.py,False,False
backend_ps.py,backend_ps.py,False,False
_cocoa_builtins.py,_cocoa_builtins.py,False,False
test_lgmres.py,test_lgmres.py,False,False
bigquerymigration_v2_messages.py,bigquerymigration_v2_messages.py,False,False
deprecation.py,deprecation.py,False,False
test_stride_tricks.py,test_stride_tricks.py,False,False
make_paths_absolute.py,make_paths_absolute.py,True,False
ddl_parser.py,ddl_parser.py,False,False
log.py,log.py,False,False
ondemandscanning_v1beta1_messages.py,ondemandscanning_v1beta1_messages.py,False,False
PngImagePlugin.py,PngImagePlugin.py,False,False
test_quiver.py,test_quiver.py,False,False
anysat_ft_avg_fusion_480m.py,anysat_ft_avg_fusion_480m.py,True,False
evaluate_classification.py,evaluate_classification.py,True,True
cffi_opcode.py,cffi_opcode.py,False,False
mediaasset_v1alpha_messages.py,mediaasset_v1alpha_messages.py,False,False
kernel_mixins.py,kernel_mixins.py,False,False
entry_links.py,entry_links.py,False,False
perl.py,perl.py,False,False
backend_managers.py,backend_managers.py,False,False
backend_svg.py,backend_svg.py,False,False
make_final_events_for_gee.py,make_final_events_for_gee.py,True,False
inv_regex.py,inv_regex.py,False,False
build_mars_priority_sites.py,build_mars_priority_sites.py,False,True
util.py,util.py,False,False
build_final_aviris3_methanefuse20.py,build_final_aviris3_methanefuse20.py,True,True
test_ix.py,test_ix.py,False,False
infer_overlap_or_single_models_native.py,infer_overlap_or_single_models_native.py,True,False
c_like.py,c_like.py,False,False
runtimeconfig_v1beta1_messages.py,runtimeconfig_v1beta1_messages.py,False,False
polar.py,polar.py,False,False
representer.py,representer.py,False,False
gkehub_v1alpha2_messages.py,gkehub_v1alpha2_messages.py,False,False
regions.py,regions.py,False,False
converter.py,converter.py,False,False
core.py,core.py,False,False
gen_config.py,gen_config.py,False,False
policysimulator_v1beta_messages.py,policysimulator_v1beta_messages.py,False,False
vectorsearch_v1beta_messages.py,vectorsearch_v1beta_messages.py,False,False
test_unit.py,test_unit.py,False,False
test_idl.py,test_idl.py,False,False
CMakeConfigureLog.yaml,CMakeConfigureLog.yaml,False,False
ipython_directive.py,ipython_directive.py,False,False
load_methaneunion_sample.py,load_methaneunion_sample.py,True,True
connection_util.py,connection_util.py,False,False
_helpers.py,_helpers.py,False,False
managedidentities_v1_messages.py,managedidentities_v1_messages.py,False,False
dialogflow_v2_messages.py,dialogflow_v2_messages.py,False,False
monitoring_v3_messages.py,monitoring_v3_messages.py,False,False
freeze.py,freeze.py,False,False
rrset.py,rrset.py,False,False
test_axes.py,test_axes.py,False,False
v1_event.py,v1_event.py,False,False
