source,source_relative_path,source_mtime,sha256,category,role,repo_path
mac,EMIT_MethaneFuse_FINAL_FREEZE/README_FINAL.md,2026-08-15T11:19:23,c8faeef16b8e36e38aead82f10bd0c1a8bf03051192a20c96fe0ae2af8b91f25,emit,utilities,docs/provenance/emit/EMIT_MethaneFuse_FINAL_FREEZE/README_FINAL.md
mac,MethaneAIR_S2_SameParent_FINAL_FREEZE/README_FINAL.md,2026-08-14T00:30:20,9fef9688b2626b8d119b969385bbd245465d8fcdec9c96793ff373094297a14b,methaneair,utilities,docs/provenance/methaneair/MethaneAIR_S2_SameParent_FINAL_FREEZE/README_FINAL.md
fir,MethaneFuse/methaneair_full_pipeline/README.md,2026-08-03T06:06:56,c7146f5414791c08351d7b19c0325b6cdc7329160362c384bb7ff12b69469b2d,methaneair,utilities,docs/provenance/methaneair/methaneair_full_pipeline/README.md
mac,methanefuse_handoff_75rows/README_GROUND_TRUTH.txt,2026-07-25T08:57:51,bf44a2ad396bc7d1a7f6fc5ffa97293daf667f02932e7b4a7e1256dc4f04d85f,methanefuse,utilities,docs/provenance/methanefuse/methanefuse_handoff_75rows/README_GROUND_TRUTH.txt
lab,MethaneSAT_MethaneFuse/06_final_freeze/README_FINAL.md,2026-08-13T22:18:45,5098736219da733e28b168779893c7e3f4c5a798231ef7f52b4bf273f6187467,methanesat,utilities,docs/provenance/methanesat/06_final_freeze/README_FINAL.md
mac,MethaneSAT_Final_Results_Summary.md,2026-08-13T15:47:49,fb2eed473efc61f3ff15e1fe7cfc93069d595d4bccea82ae59dcb075a6fbe00e,methanesat,utilities,docs/provenance/methanesat/methanesat/MethaneSAT_Final_Results_Summary.md
mac,methanesat_methanefuse_native_compatibility_audit/COMPATIBILITY_AUDIT.md,2026-08-13T15:43:35,69cd568918092ecddef6fa633ef5752a21863bb93bb6c98e271bc5dba2745c67,methanesat,utilities,docs/provenance/methanesat/methanesat_methanefuse_native_compatibility_audit/COMPATIBILITY_AUDIT.md
mac,finish_multisite_remaining/README_FIRST.md,2026-07-25T03:53:00,91ebc3165509d8fc13ad102fbcaa87e561271e9e383fbd7c7c615a3c38feff03,multisensor,utilities,docs/provenance/multisensor/finish_multisite_remaining/README_FIRST.md
fir,MethaneFuse/five_site_loso_tools/README_FIVE_SITE_LOSO.md,2026-07-30T18:45:55,e50ee024b2ec7eb7bde312b598955258b5c52fc4190e2b3469d7a1e696a16e7f,multisensor,utilities,docs/provenance/multisensor/five_site_loso_tools/README_FIVE_SITE_LOSO.md
mac,five_site_multisource_pipeline/README_FIRST.md,2026-07-24T17:33:19,aa5eb0508ead5621f8f534c6d47f888159794fa1af8c2fbcdb480292f505e4df,multisensor,utilities,docs/provenance/multisensor/five_site_multisource_pipeline/README_FIRST.md
mac,multisite_steps_1_to_4/README_FIRST.md,2026-07-25T00:40:14,448ecbd74c2e8da6988785f85c0d1b2ca510bb8db8330d5a997d659c00d36033,multisensor,utilities,docs/provenance/multisensor/multisite_steps_1_to_4/README_FIRST.md
mac,multisource_s2_model_v2/README_FIRST.txt,2026-07-24T20:34:44,586ab2d5a210d86307d7961013b62538aed0fad8800eb9313b28201ef9a2c661,sentinel2,utilities,docs/provenance/sentinel2/multisource_s2_model_v2/README_FIRST.txt
mac,s2_five_site_expansion_v1/README_FIRST.md,2026-07-24T20:57:06,121321a3ee2618147566d44377451293c8a1874a9c803075c68e8eb3401f38dd,sentinel2,utilities,docs/provenance/sentinel2/s2_five_site_expansion_v1/README_FIRST.md
mac,EMIT_MethaneFuse_FINAL_FREEZE/ENVIRONMENT.txt,2026-08-15T11:19:23,bd2cb7846e377aaac66b4662890d2a64517f9a4edd915af39d806ed4b529c182,emit,utilities,env/emit/ENVIRONMENT.txt
fir,MethaneFuse/requirements-macos.txt,2026-07-30T11:22:03,713161f7d6ec3fd5fbea545e38fe1643f3e24852b55ae26c5ec4d639286d02f7,methanefuse,utilities,env/methanefuse/requirements-macos.txt
fir,MethaneFuse/requirements_fir.txt,2026-07-30T21:42:14,644d522cd4cc78853f526901652c4089549cf75cf60c0b05a0f186b933e18066,methanefuse,utilities,env/methanefuse/requirements_fir.txt
fir,MethaneFuse/requirements_fir_runtime.txt,2026-07-30T21:42:14,aee65e5aea0ee78a07b3cad95782f2f12228fff028fe99e41308aee180427512,methanefuse,utilities,env/methanefuse/requirements_fir_runtime.txt
mac,five_site_multisource_pipeline/requirements.txt,2026-07-24T17:33:19,6d13fd0328d4c1b5d2f2c8eff77106526e04522e6891335e0211bb254069423f,multisensor,utilities,env/multisensor/requirements.txt
mac,multisite_steps_1_to_4/requirements.txt,2026-07-25T00:40:14,c0b1578d9d733cc50ff9eebf1aa876cdfc5b00a925ed11c3a30b6cec16492578,multisensor,utilities,env/multisensor/requirements__multisite_steps_1_to_4.txt
mac,multisource_s2_model_v2/requirements.txt,2026-07-24T20:34:44,fe4661daca5f28d9d28981dc2af68e80fd2351fdf61d0925ecd97353fcaf4515,sentinel2,utilities,env/sentinel2/requirements.txt
fir,MethaneFuse/methaneair_full_pipeline/run_sentinel2_best_qa_confirmed.sbatch,2026-08-04T22:03:53,dbeecd41a8c43eca1e1e8676ec642c009cfaa74ad6a5e507028aff929c7ce856,methaneair,hpc,hpc/methaneair/run_sentinel2_best_qa_confirmed.sbatch
fir,MethaneFuse/methaneair_full_pipeline/run_sentinel2_best_qa_v2_full.sbatch,2026-08-05T00:36:54,087b75c6154b3a07ab3e10f630ddd159ca01725d8214a51ada58bd1b651c2bd1,methaneair,hpc,hpc/methaneair/run_sentinel2_best_qa_v2_full.sbatch
fir,MethaneFuse/methaneair_full_pipeline/run_sentinel2_download.sbatch,2026-08-03T06:06:56,f36aa5e596092f453f85038328d5cf914cf627fb86a6421515abc5b8fe28e618,methaneair,hpc,hpc/methaneair/run_sentinel2_download.sbatch
fir,MethaneFuse/run_eval_fold1_baseline.slurm,2026-08-05T23:29:19,6fc1b1ed0b86c80b62755233dcadce137c1db191d4b420cc9b4f4d916d9c4a5f,methanefuse,hpc,hpc/methanefuse/run_eval_fold1_baseline.slurm
fir,MethaneFuse/run_eval_two_negative_group_cv_scores.slurm,2026-08-06T00:46:17,c1c7aa5ed632feb9fdcd225ea765ba097075f4b6ac897787f5da7bc9781b7d1e,methanefuse,hpc,hpc/methanefuse/run_eval_two_negative_group_cv_scores.slurm
fir,MethaneFuse/run_eval_two_negative_group_cv_val_scores.slurm,2026-08-06T08:50:57,689841b9a16dc1457889cef2be257067b4f31e718de1cd6bf9ff72d80f1fb01e,methanefuse,hpc,hpc/methanefuse/run_eval_two_negative_group_cv_val_scores.slurm
fir,MethaneFuse/run_methanefuse_two_negative_group_cv.slurm,2026-08-05T23:29:04,dae4ad8dd58571456cf2fdf673f4e5f931e29cd18f4b4311156bc8bba731c8b7,methanefuse,hpc,hpc/methanefuse/run_methanefuse_two_negative_group_cv.slurm
fir,MethaneFuse/run_strict506_eval.slurm,2026-08-06T20:36:44,4e360d4b65d514da8dd567c882d333cf6dc17ae46a92188ccbeab6da809b47fb,methanefuse,hpc,hpc/methanefuse/run_strict506_eval.slurm
fir,MethaneFuse/run_strict506_prepare.slurm,2026-08-06T23:25:39,0803e8cfd77888ac6cdae644e8a9b32761d2aa15c88fc7aa81a7f81ef69370c9,methanefuse,hpc,hpc/methanefuse/run_strict506_prepare.slurm
fir,MethaneFuse/run_two_negative_group_multiseed.slurm,2026-08-06T16:51:24,8931adad82d73eb2a665b9d8a4ae56055ccd64cd1eaa545515d1e27514d5152e,methanefuse,hpc,hpc/methanefuse/run_two_negative_group_multiseed.slurm
fir,MethaneFuse/test_methanefuse_gpu.slurm,2026-07-30T21:58:33,0c02a1f30e285953579c980707fd4f01f33f310d3074ba07017d24d2a8f8e4a1,methanefuse,hpc,hpc/methanefuse/test_methanefuse_gpu.slurm
fir,MethaneFuse/run_methanefuse_five_site_loso.slurm,2026-07-30T19:34:17,0d6507cffb01f3a5a6226da5d8062295610e6bbbf47ab364ec9f7a78d1c72442,multisensor,hpc,hpc/multisensor/run_methanefuse_five_site_loso.slurm
fir,MethaneFuse/run_exact_s2_expanded_eval.slurm,2026-08-06T22:26:41,06c6a537e6d04371828802bb25688c901a60501c1eb28e7082540eedae4f5ce8,sentinel2,hpc,hpc/sentinel2/run_exact_s2_expanded_eval.slurm
fir,MethaneFuse/run_exact_s2_external_eval.slurm,2026-08-06T20:21:23,e2bea12dbd14ad6ecb985625ca1d967a635e9bd622e9792dfbb25a7dfad0f8b2,sentinel2,hpc,hpc/sentinel2/run_exact_s2_external_eval.slurm
fir,MethaneFuse/download_carbon_mapper_controlled_release.py,2026-07-31T19:40:40,88cb9d340d5ca307a86d31ef714c711e9a28b7413bc43c4b186bda292db5a52f,carbon_mapper_legacy,acquisition,legacy/carbon_mapper/acquisition/download_carbon_mapper_controlled_release.py
mac,carbon_mapper_inventory/download_carbonmapper_multisensor.py,2026-08-10T16:01:11,e7c87681f4f92f0778f600975b8cb4dbd7f431c78041ca535e2adb9ed54d5b0a,carbon_mapper_legacy,acquisition,legacy/carbon_mapper/acquisition/download_carbonmapper_multisensor.py
mac,download_carbonmapper_plume_catalog.py,2026-07-20T16:56:52,3275876cadafc8c48d84d1674d9593e288909ac0e875fdae0ec51878dc3dc847,carbon_mapper_legacy,acquisition,legacy/carbon_mapper/acquisition/download_carbonmapper_plume_catalog.py
mac,compare_carbonmapper_ghgsat_performance.py,2026-07-23T03:04:24,96c847bfe0f602f9d5d15a59f29a3f5780ce4e7f84197ed4440c4eef1d1d79d8,carbon_mapper_legacy,analysis,legacy/carbon_mapper/analysis/compare_carbonmapper_ghgsat_performance.py
mac,build_carbonmapper_observation_manifest.py,2026-07-23T02:25:26,19c6f7b2a7aabbd73f48ac2070f020b8447e038b96a9f5d4b6d0c81385efd443,carbon_mapper_legacy,dataset_building,legacy/carbon_mapper/dataset_building/build_carbonmapper_observation_manifest.py
mac,prepare_carbonmapper_tanager_scene_candidates.py,2026-07-20T20:00:56,e13bd457a68ab7094f126fb36fdc29f5d26f1a09fcbb52d10746d5aa66883a84,carbon_mapper_legacy,dataset_building,legacy/carbon_mapper/dataset_building/prepare_carbonmapper_tanager_scene_candidates.py
mac,rebuild_carbonmapper_candidates_without_quality.py,2026-07-20T19:10:52,43402b5bc60fe7e01c6a82251170d631da9a6f36da57051b1aa73fe7a7fd66e2,carbon_mapper_legacy,dataset_building,legacy/carbon_mapper/dataset_building/rebuild_carbonmapper_candidates_without_quality.py
mac,recover_carbon_mapper_times_v1.py,2026-08-12T18:37:48,273d66e5f82f2c8f875fef82eaaa2a7b361e56612c1162f6ccd127f2d784c182,carbon_mapper_legacy,dataset_building,legacy/carbon_mapper/dataset_building/recover_carbon_mapper_times_v1.py
mac,search_carbonmapper_tanager_landsat_matches.py,2026-07-20T21:43:45,ab256ac5a41df0d31bcdaeb25c890616a1490c05294268e02dd942912f5caf5c,carbon_mapper_legacy,matching,legacy/carbon_mapper/matching/search_carbonmapper_tanager_landsat_matches.py
mac,audit_carbonmapper_controlled_release_source.py,2026-07-23T02:09:59,02a2c2d1fd418ee3c969da23d97fe46c61ee78ff2354e06c81b852230f89f9a4,carbon_mapper_legacy,qa,legacy/carbon_mapper/qa/audit_carbonmapper_controlled_release_source.py
mac,audit_carbonmapper_observation_structure.py,2026-07-23T02:15:27,ef1a332a9d27bcd97a983b0157c070c5d76f5347ae6cc1c450a699d727c10da1,carbon_mapper_legacy,qa,legacy/carbon_mapper/qa/audit_carbonmapper_observation_structure.py
mac,diagnose_carbonmapper_filters.py,2026-07-20T18:49:35,8b6ca0486c4668f6934cb9a532ae493220c1c4b65b07c89929def87ae1b2a572,carbon_mapper_legacy,qa,legacy/carbon_mapper/qa/diagnose_carbonmapper_filters.py
mac,inspect_carbonmapper_detection_definition.py,2026-07-23T02:19:21,b6e31fbcce97dc1a99e07e764d9391db0ceefb5450c9a05c96b20feee18d4354,carbon_mapper_legacy,qa,legacy/carbon_mapper/qa/inspect_carbonmapper_detection_definition.py
mac,inspect_carbonmapper_raw_api_fields.py,2026-07-20T18:52:35,ec715099f639394e85b419fe21743a427ff7d008a4d2e5e37241d1366fb1842e,carbon_mapper_legacy,qa,legacy/carbon_mapper/qa/inspect_carbonmapper_raw_api_fields.py
fir,MethaneFuse/README_CARBON_MAPPER_DOWNLOAD.md,2026-07-31T19:40:40,f37f796959c72d5f889b1da7b8365835b3904177af3d8a8af9316c8da2e3a7bb,carbon_mapper_legacy,utilities,legacy/carbon_mapper/utilities/README_CARBON_MAPPER_DOWNLOAD.md
mac,carbon_mapper_inventory/carbon_mapper_inventory.py,2026-08-10T15:53:52,1c1f246c95a7247d34c3e2d214c8e957b88bfd03e091ac542358563cc46b4977,carbon_mapper_legacy,utilities,legacy/carbon_mapper/utilities/carbon_mapper_inventory.py
mac,lock_carbonmapper_observation_manifest.py,2026-07-23T02:30:45,e3340f916ab6c5320b0d137176392d30bc54f1d13c92fe1a76e7ed93868d2b85,carbon_mapper_legacy,utilities,legacy/carbon_mapper/utilities/lock_carbonmapper_observation_manifest.py
fir,MethaneFuse/examples/load_s2_only_sample.py,2026-07-30T23:11:56,b4dc79450516f782dfcc916d562ae2cb54f8a51ad800095568a69e00ba3cd9e1,sentinel2,utilities,methanefuse_overrides/examples/load_s2_only_sample.py
fir,MethaneFuse/scripts/eval/evaluate_classification.py,2026-08-06T00:46:05,eb629f89521928f78a91a6ec7424701a0adb112ff7422fe5b201854515274231,methanefuse,modeling,methanefuse_overrides/scripts/eval/evaluate_classification.py
fir,MethaneFuse/scripts/eval/evaluate_classification_with_predictions.py,2026-07-31T01:24:31,c76c9e9e65e961b79dd5eba565c73567f276640de08d82ebea85a3c075087924,methanefuse,modeling,methanefuse_overrides/scripts/eval/evaluate_classification_with_predictions.py
fir,MethaneFuse/src/models/finetune_loramoe_adapter.py,2026-08-06T16:42:39,44b51dd0898f858fcd5e8deb2335d7eb6f59ce45fcfbd706d3a0723ed0c0ac83,methanefuse,modeling,methanefuse_overrides/src/models/finetune_loramoe_adapter.py
mac,build_all_av3_methanefuse_58.py,2026-08-10T23:57:36,ebc57c16e9f885e5ee88c6359d7860f41ec9df6bc32ee4c8d50cc193415f4d0a,aviris3,dataset_building,scripts/aviris3/dataset_building/build_all_av3_methanefuse_58.py
mac,build_final_aviris3_methanefuse20.py,2026-08-11T01:22:14,dc6cdbd7f88da1ff420236ee8b0e942fcdab65127932afaa8b4be5fb0dcec813,aviris3,dataset_building,scripts/aviris3/dataset_building/build_final_aviris3_methanefuse20.py
mac,build_final_aviris3_methanefuse20_exact.py,2026-08-11T01:40:22,96d439bf4d0c9ce50d1efa7b2450b6445e171f375cec46781d151013a48b512d,aviris3,dataset_building,scripts/aviris3/dataset_building/build_final_aviris3_methanefuse20_exact.py
mac,build_one_av3_methanefuse_test.py,2026-08-10T23:54:18,2cba55498f3d5a168d07dd78f5153fdc2fdb69d8105a4f52d127d28abd4157f2,aviris3,dataset_building,scripts/aviris3/dataset_building/build_one_av3_methanefuse_test.py
lab,AVIRIS3_MethaneFuse_External_Test/repo_validation/validate_aviris3_final20_loader.py,2026-08-11T01:56:18,5049691d63beec295c8d3b41b8f94368c590910148a0588992eab7a39d98196a,aviris3,qa,scripts/aviris3/qa/validate_aviris3_final20_loader.py
lab,AVIRIS3_MethaneFuse_External_Test/scripts/integrate_aviris3_into_professor_master.py,2026-08-11T02:21:27,6c5cc4ce5fda4c6f61c7715ee6a78065bef43d673df03851d204fff0d37273d7,aviris3,utilities,scripts/aviris3/utilities/integrate_aviris3_into_professor_master.py
mac,rematch_av3_l2b_spatial.py,2026-08-11T01:12:26,61d46b6d67fb160cb059815e088021d50a2ec2fb459e3fb4bb46c7e93f75426f,aviris3,utilities,scripts/aviris3/utilities/rematch_av3_l2b_spatial.py
mac,download_evanston_confirmed_positive_patches.py,2026-07-20T15:51:57,26cf7b70ae11d9947c17627049562b19c8166b087f8008a64c397feef54ae1c5,common,acquisition,scripts/common/acquisition/download_evanston_confirmed_positive_patches.py
mac,download_evanston_negative_patches.py,2026-07-20T15:55:42,da9b43d5f1edf1269ee44170e34cfcbaf5055e8c0910e288ad2e5c57a800e64b,common,acquisition,scripts/common/acquisition/download_evanston_negative_patches.py
mac,compare_s5p_positive_negative_anomalies.py,2026-07-23T02:48:42,e27864d1a4a8e2bfe396f2db611c86fa286cbc362807b9f7c3998a1f6f0ddd00,common,analysis,scripts/common/analysis/compare_s5p_positive_negative_anomalies.py
mac,build_all_release_intervals_for_s2.py,2026-07-22T01:46:02,f5ff2167455f12a45aec0b039ee5981820e71f2c1863ad9f58a86cfba36ca662,common,dataset_building,scripts/common/dataset_building/build_all_release_intervals_for_s2.py
mac,build_casa_grande_candidate_decision_table.py,2026-07-17T16:15:31,9bf8c15f537b47f91c9737068ace340897128ef97a64234e67d8aed697dc6a92,common,dataset_building,scripts/common/dataset_building/build_casa_grande_candidate_decision_table.py
mac,build_classification_dataset_start.py,2026-06-28T13:36:34,b1ac885c4abf2fa5cb187e0eed304083c8d90c2e2b430aed2562307d8d987163,common,dataset_building,scripts/common/dataset_building/build_classification_dataset_start.py
mac,build_controlled_release_master_ground_truth.py,2026-07-23T00:55:42,43bab4cac1d63a30640a5a396eef255bfa6c56219080b7cef2ee4edccfa784d2,common,dataset_building,scripts/common/dataset_building/build_controlled_release_master_ground_truth.py
mac,build_ehrenberg_priority_batch.py,2026-07-20T14:19:54,11d622b2bfc5650e267231d097f00b07e85c9372571472ee8584b677a907f238,common,dataset_building,scripts/common/dataset_building/build_ehrenberg_priority_batch.py
mac,build_evanston_external_anomaly_features.py,2026-07-20T15:59:48,acf6179519ca3bdcf6f78c5373c76920202931fbf089c1572ed7c9d6b08d7336,common,dataset_building,scripts/common/dataset_building/build_evanston_external_anomaly_features.py
mac,build_historical_satellite_acquisition_manifest.py,2026-07-24T13:37:46,02c41c0a1c42d4044724de852f21648cd800c27915d7a946bbc58935cd834ece,common,dataset_building,scripts/common/dataset_building/build_historical_satellite_acquisition_manifest.py
mac,build_methane_event_table.py,2026-06-23T15:53:18,5ba20e2540a57367b7ef3fa3e12038ff8752a55ae1d54ead71c783f41c28b371,common,dataset_building,scripts/common/dataset_building/build_methane_event_table.py
mac,build_patchvalid_balanced20.py,2026-08-11T01:07:20,5bdf54764dd8835dca31951eaa5a8254646546442935fab9a587191a74cc3ee3,common,dataset_building,scripts/common/dataset_building/build_patchvalid_balanced20.py
mac,build_patchvalid_balanced20_rematched.py,2026-08-11T01:18:15,13b8442813f8ebe2e264abb75f80cf2c51a333ab6c89ae08e0138624e26498e7,common,dataset_building,scripts/common/dataset_building/build_patchvalid_balanced20_rematched.py
mac,build_unified_methane_provenance_table.py,2026-07-28T19:59:27,b76dbda69477706516bf8c36cdf1224c5a0358e90fc14e3dd60e4f8607df6a8f,common,dataset_building,scripts/common/dataset_building/build_unified_methane_provenance_table.py
mac,freeze_evanston_external_result.py,2026-07-20T16:13:34,b838837a703879317237c0705bf3ebc5752009b395e7a856dd945469c99688ba,common,dataset_building,scripts/common/dataset_building/freeze_evanston_external_result.py
mac,make_controlled_release_dataset_table.py,2026-07-14T14:03:22,e166c568514cfcefffdb1687de8ffd94429759d71720d44909bd0cedbca03246,common,dataset_building,scripts/common/dataset_building/make_controlled_release_dataset_table.py
mac,sample_patches/make_experiment_split.py,2026-07-14T14:22:00,3b085b134b55335d14e21bae39c54ce2022f3dc439cb6c075ad827b06de7b88f,common,dataset_building,scripts/common/dataset_building/make_experiment_split.py
mac,make_final_events_for_gee.py,2026-06-23T16:25:19,f2b8870142f8a5c84101a09b7f91aa8ad8bad08eff87be594eb7dbbd8e6e785b,common,dataset_building,scripts/common/dataset_building/make_final_events_for_gee.py
mac,make_unique_overpass_table.py,2026-06-23T16:10:04,4187c7976b638c200b2bd4f64dc7565378af2d0e9b983fc785d08f6f1d03317f,common,dataset_building,scripts/common/dataset_building/make_unique_overpass_table.py
mac,prepare_rematched_l2b_and_rerun_negatives.py,2026-08-11T01:17:30,48ed9feeb88cd0ef709a0c2f488953def1cd88bdaac0810b1450c2a04e83514d,common,dataset_building,scripts/common/dataset_building/prepare_rematched_l2b_and_rerun_negatives.py
mac,rebuild_evanston_release_windows.py,2026-07-20T15:50:05,aa350aa8e0e9d946e192e779ea1d3ad341d7ba1028a7a0dd2dc33ad33baf6c5c,common,dataset_building,scripts/common/dataset_building/rebuild_evanston_release_windows.py
mac,outputs/04_gee_check_events.js,2026-06-23T15:57:23,6653c99f5f87037006cf04e1b7ff0dd110b31e2cac239aa420d48877919d7fab,common,utilities,scripts/common/earth_engine/04_gee_check_events.js
mac,outputs/08_gee_check_unique_events.js,2026-06-23T16:10:37,63af369f6127c1a5b3e3b0c8c8a448dce788146c9dbb7502b45cf676e6c2b98c,common,utilities,scripts/common/earth_engine/08_gee_check_unique_events.js
mac,outputs/10_gee_check_final_events.js,2026-06-23T16:25:24,d9b003776fc402c41bb4ba7ca041be332f89d371618a4d49742f4d5caf6333ac,common,utilities,scripts/common/earth_engine/10_gee_check_final_events.js
mac,outputs/14_export_balanced_test_patches.js,2026-06-28T14:54:35,c9fdff691d1e9a73d0a61d236553d57b103f32c4b36e3bc24ab2a550cf42293e,common,utilities,scripts/common/earth_engine/14_export_balanced_test_patches.js
mac,extract_frozen_primary_model_contract.py,2026-07-21T20:50:10,a578f97b7c72d409c0d3606373c3c16998611dc44a28683ba0be49c4a6244a8f,common,features,scripts/common/features/extract_frozen_primary_model_contract.py
mac,extract_s5p_regional_anomaly_features.py,2026-07-23T02:44:04,164c9e6274cbcd8679012ec40e634a36387cd55e1d0270d20da1ae76713fb63d,common,features,scripts/common/features/extract_s5p_regional_anomaly_features.py
mac,find_controlled_release_exact_interval_source.py,2026-07-23T00:13:32,7aa9f10400b2e7d24fc2f97cf1983976d669bc3974ce5a8ce7860b7ef81bf065,common,matching,scripts/common/matching/find_controlled_release_exact_interval_source.py
mac,find_release_interval_sources.py,2026-07-17T15:16:09,499557e28ec98800ccf2063db266b01e0b9b45635ecdf742daeb433de4bb6450,common,matching,scripts/common/matching/find_release_interval_sources.py
mac,find_third_site_candidates.py,2026-07-20T15:09:15,5b7756883e36143402248e2e82838a2adb0b8864476dd0a59d4cbfc72a5787cb,common,matching,scripts/common/matching/find_third_site_candidates.py
mac,match_candidates_to_existing_excluded_scenes.py,2026-07-17T16:13:28,9c42145894cc8c5dcca9534c6d809f7cdcf4f37cc53b35b823621ceeff31b759,common,matching,scripts/common/matching/match_candidates_to_existing_excluded_scenes.py
mac,search_evanston_negative_scenes.py,2026-07-20T15:54:35,2674dee96c92f364fc24c16ebc4541971db232b60324ad9b6f073b9701ee6a98,common,matching,scripts/common/matching/search_evanston_negative_scenes.py
mac,search_more_exact_satellite_overlaps.py,2026-07-29T00:12:05,f10888d3b7a141e8cb2304fe0fe77f40c5d76e0847fc661b653edd0cf743097c,common,matching,scripts/common/matching/search_more_exact_satellite_overlaps.py
mac,search_s5p_ch4_controlled_release_availability.py,2026-07-23T02:36:09,c28e3d01df19612bd084f7c8168ea8864744f229c908b74f2847ee5cd1c4d2da,common,matching,scripts/common/matching/search_s5p_ch4_controlled_release_availability.py
mac,calibrate_frozen_alert_threshold.py,2026-07-20T16:08:53,af2b8e268f2efa190dc37d02e977a2e2c763ae81270e149683af8bf3735ec552,common,modeling,scripts/common/modeling/calibrate_frozen_alert_threshold.py
mac,evaluate_evanston_external_frozen_model.py,2026-07-20T16:04:36,7e94c979e92bdceee448feb4c51bfe81d45b65c13d7e73687e2f97cfa59aeccd,common,modeling,scripts/common/modeling/evaluate_evanston_external_frozen_model.py
mac,evaluate_selected_random_forest_external.py,2026-07-21T23:49:43,4730eaed8328d03881e5b9a4e1c9be9d5e8717ceb863c87dbbbe951fdbe7ffd4,common,modeling,scripts/common/modeling/evaluate_selected_random_forest_external.py
mac,run_lrad_reference_test.py,2026-08-11T02:00:49,240f7ca93903fb8e710e8fc4c746571a900fbcdcef5d5f21e357f0a3521e6ef6,common,modeling,scripts/common/modeling/run_lrad_reference_test.py
mac,run_reference_similarity_test.py,2026-08-11T01:20:06,74dbb01ed13014c0655b5c9d0285a01b641faa181e5dd1e08311dd1de524ca5b,common,modeling,scripts/common/modeling/run_reference_similarity_test.py
mac,run_source_centered_contrast.py,2026-08-11T18:57:47,c7c4507bec8f28f58b18654706645170d31a27f881b5b0ee900c1f2b8bbc37a9,common,modeling,scripts/common/modeling/run_source_centered_contrast.py
mac,train_baseline_classifier.py,2026-07-14T14:29:18,c6e86ec9018864add401d2f0e8af6097bb53690e8844c7147bd8795b17009c75,common,modeling,scripts/common/modeling/train_baseline_classifier.py
mac,audit_casa_grande_candidate_overpasses.py,2026-07-17T16:09:52,0bd7920189c96ce4f9d8729b344f5844971f9abaadd62406bfdc99e0dc19a385,common,qa,scripts/common/qa/audit_casa_grande_candidate_overpasses.py
mac,audit_casa_grande_expanded_release_contamination.py,2026-07-22T19:37:42,bf888eb0479676e0ee269a67233c5e6819cfd6025a1ccd8728615d589da74117,common,qa,scripts/common/qa/audit_casa_grande_expanded_release_contamination.py
mac,audit_controlled_release_master_uniqueness.py,2026-07-23T00:59:04,420d6f825a8621f384859c4b8ce2d572e9887184448369155af4127a6e2eae3d,common,qa,scripts/common/qa/audit_controlled_release_master_uniqueness.py
mac,audit_ehrenberg_candidate_release_evidence.py,2026-07-20T14:07:34,5462aff91d56dd75c9f711403742f11ab575a49ae993775e3dd08fa2efce77d8,common,qa,scripts/common/qa/audit_ehrenberg_candidate_release_evidence.py
mac,audit_historical_satellite_controlled_release_source.py,2026-07-23T03:09:11,abe4fe10f13573fce103b4abc6f48aa8538055765782435b0ba80106807df7db,common,qa,scripts/common/qa/audit_historical_satellite_controlled_release_source.py
mac,audit_l2a_l2b_true_overlap.py,2026-08-11T01:15:05,467f8cf837d41d4a1ad9d69c29e0600f223fba0142b7a271c44ff3c51962773f,common,qa,scripts/common/qa/audit_l2a_l2b_true_overlap.py
mac,audit_methane_project.py,2026-08-05T19:28:17,219ec35a1b2dfd4279152b985c88cbba0044bff69f848f5678efad2fb2552860,common,qa,scripts/common/qa/audit_methane_project.py
mac,check_controlled_release_patches.py,2026-07-14T13:42:20,6d4eb7ee45ba0d54a18bc19a49e60e7653dbcaaa2670fee210a55e0ac3493c95,common,qa,scripts/common/qa/check_controlled_release_patches.py
mac,inspect_2021_release_flow_sources.py,2026-07-17T15:29:31,b3d5e2cbfae6264cca4175aceeff08883c6670acbd8e958b135ed79a940c960c,common,qa,scripts/common/qa/inspect_2021_release_flow_sources.py
mac,inspect_downloaded_ground_truth.py,2026-07-28T10:12:31,4a2f53279f6fc0b6c83f484c3604776f16043e7414eb6f733adc1a4dd3fd8fd2,common,qa,scripts/common/qa/inspect_downloaded_ground_truth.py
mac,inspect_third_site_sources.py,2026-07-20T15:07:38,8fea88be4f803d73655a8405d26352529663c52f895528b24d082ab2cf226a89,common,qa,scripts/common/qa/inspect_third_site_sources.py
mac,validate_haynesville_candidate_v1.py,2026-08-12T23:37:38,0c50e4e67379f82a3d18861333ed80008081107a3cfb6c3e4eba7d8ecb5d0b75,common,qa,scripts/common/qa/validate_haynesville_candidate_v1.py
mac,verify_controlled_release_event_master.py,2026-07-23T01:30:05,19009b2beec816da86d0cc49f384c92869967da61516294b45e7fe2f12554f9e,common,qa,scripts/common/qa/verify_controlled_release_event_master.py
mac,batch_multisource_40_parallel_v1.py,2026-08-13T01:17:24,7418d55ea9c4cb5938601d4b54347067ea18cca7cefdbb436d6d1f8e52d10af8,common,utilities,scripts/common/utilities/batch_multisource_40_parallel_v1.py
mac,clean_exact_overlap_scene_ground_truth.py,2026-07-29T00:29:08,53d906cf3af6bce1ccec285a95110182bacfcfbb76094fd17a8616c2f7cd3b1d,common,utilities,scripts/common/utilities/clean_exact_overlap_scene_ground_truth.py
mac,clean_satellite_names.py,2026-06-23T16:17:44,871c2c010f2b0174ef12e6212248298a1f08f801831dd0d70b4df641ebe2c666,common,utilities,scripts/common/utilities/clean_satellite_names.py
mac,sample_patches/combine_classification_datasets.py,2026-07-14T14:12:17,87660a9edaa33485a1f868ee6ff38f467446e37aade3019b08f424c6fcf3d16c,common,utilities,scripts/common/utilities/combine_classification_datasets.py
mac,fix_controlled_release_candidate_latlon.py,2026-07-14T13:53:51,79e77b207aa07bbc30b3cb142705e76c715c47033e0bba856d577c07bb1daa9b,common,utilities,scripts/common/utilities/fix_controlled_release_candidate_latlon.py
mac,identify_frozen_primary_pipeline.py,2026-07-21T00:55:22,f97f56b352ca5bcc0e341e6e27bf0dd96dd704cb70fc68cb4046b2ebd26fea0a,common,utilities,scripts/common/utilities/identify_frozen_primary_pipeline.py
mac,merge_methane_inventories.py,2026-08-11T15:06:04,89279131980ba3748f20b5c87cebdf812df0d6e73273cd91030263b6212593b7,common,utilities,scripts/common/utilities/merge_methane_inventories.py
mac,methane_metadata_scanner_multi_v2.py,2026-08-11T22:40:07,81b4ae1ce68b7be5e95742c2e698b8539efb4922dd15486971ad7434b7c3e40a,common,utilities,scripts/common/utilities/methane_metadata_scanner_multi_v2.py
mac,methane_metadata_scanner_streaming_v3.py,2026-08-12T16:34:55,e250be56bf11a9f8f4c7d86688d8f5561e89371ba13115a45eeda326aae44015,common,utilities,scripts/common/utilities/methane_metadata_scanner_streaming_v3.py
mac,postprocess_reference_audit_v2.py,2026-08-11T01:53:36,b84737e168503d4a43444b0661c2167b7c1303b03bb5505a49e3e1d16125d3cd,common,utilities,scripts/common/utilities/postprocess_reference_audit_v2.py
mac,review_evanston_positive_scenes.py,2026-07-20T15:43:47,d8874b286d16bfe2f8ff15476b837c1020e4a8c521eea044e66082334bdf9793,common,utilities,scripts/common/utilities/review_evanston_positive_scenes.py
mac,scan_methane_storage.py,2026-08-11T18:16:00,e42d32bfd8e5321f4643bf955f730e1d50f77b778bdac2025051b7258c2c9f02,common,utilities,scripts/common/utilities/scan_methane_storage.py
mac,select_exact_patchvalid_negatives.py,2026-08-11T01:28:30,28adb6dc3b445e08e6a7d8e2669f0c6387379095869d51f25d03baa636ae5887,common,utilities,scripts/common/utilities/select_exact_patchvalid_negatives.py
mac,select_s5p_nearest_valid_orbits.py,2026-07-23T02:40:20,5ac0ad6eac2f1f9a2e32db3c2a94220cf9ce1d627288b8f9b293604369689aca,common,utilities,scripts/common/utilities/select_s5p_nearest_valid_orbits.py
mac,strict_filter_event_table.py,2026-06-23T16:06:39,936a263b8ddd2c2169e7c6fab38207c6a7be7bc0d92f12f2f3cbda8f434a13a2,common,utilities,scripts/common/utilities/strict_filter_event_table.py
mac,summarize_controlled_release_duplicate_groups.py,2026-07-23T01:02:16,f99a1ed7257d4ca1f189cbcb9b13fe33d78abde5ddfd307120db0f10eee6ea90,common,utilities,scripts/common/utilities/summarize_controlled_release_duplicate_groups.py
mac,summarize_valid_wind_subset.py,2026-07-24T22:18:19,b0f5bf102fa780d6bbf1072aa1f528c219a6061e7e48e0ea46477f4b6ad89818,common,utilities,scripts/common/utilities/summarize_valid_wind_subset.py
mac,visualize_wrong_predictions.py,2026-07-14T14:34:36,02375db9099d2f474d6ee2004cb89a085e17b1c89226d2f8bc6e1ea9d97bdc5c,common,visualization,scripts/common/visualization/visualize_wrong_predictions.py
mac,sample_patches/visualize_wrong_predictions_swir.py,2026-07-14T20:52:46,9a8ef92e4239142d019d93b33969e4ec5a6a53ee0b0fd937b38dd4519cca337d,common,visualization,scripts/common/visualization/visualize_wrong_predictions_swir.py
mac,download_emit_v2_posneg.py,2026-08-10T19:36:02,0007d33ec22d6ab25dbc6fdac7c51c6bab37d5a00fe1f45567e4a92875755538,emit,acquisition,scripts/emit/acquisition/download_emit_v2_posneg.py
mac,download_mars_emit_l2a_all_v2.py,2026-08-13T00:38:11,7e15c700c175033e3c59ed5f10815f54a123793468812beea62d53b54d3e55aa,emit,acquisition,scripts/emit/acquisition/download_mars_emit_l2a_all_v2.py
mac,compare_emit_strict30_sensitivity.py,2026-08-15T11:12:16,a861389ee466063a407e383dd76764390be417641311ff9d722f6d96c910da23,emit,analysis,scripts/emit/analysis/compare_emit_strict30_sensitivity.py
mac,compare_emit_temporal_ablation.py,2026-08-15T11:06:02,1fc4ad70632ddedfcae4f1b4a19dd67967132f86ce97acc30f4e76a42ba36b74,emit,analysis,scripts/emit/analysis/compare_emit_temporal_ablation.py
mac,EMIT_MethaneFuse_FINAL_FREEZE/scripts/build_emit_real_temporal_fixed.py,2026-08-14T09:23:47,90d030c1d41d71c70f80a0cb283d453d8656d466db48c4f17cff4fbf94c2144e,emit,dataset_building,scripts/emit/dataset_building/build_emit_real_temporal_fixed.py
mac,freeze_emit_final.py,2026-08-15T11:18:54,06664bd1eda014d4a0d1e54fe6c2f9e046c99d23d18cdec5df6abdaaaeda8265,emit,dataset_building,scripts/emit/dataset_building/freeze_emit_final.py
mac,make_emit_strict30_sensitivity.py,2026-08-15T11:12:13,9382aa3f9582bf9f900ae2126f8ce5d09f9d32a6e76fc18826db76e34a7cbe82,emit,dataset_building,scripts/emit/dataset_building/make_emit_strict30_sensitivity.py
mac,make_emit_t0_repeated_same38.py,2026-08-15T11:05:58,fa8c4bba924b85dd2d2414f333d2f01aea7c93865f8660b2d7b1d455d8e9d631,emit,dataset_building,scripts/emit/dataset_building/make_emit_t0_repeated_same38.py
mac,EMIT_MethaneFuse_480m_TEMPORAL_60D/make_paths_absolute.py,2026-08-14T02:46:17,4a51fe324cd200a45f6f1215156f7430b5493cb314ab1a5cc9dc44a55201c865,emit,dataset_building,scripts/emit/dataset_building/make_paths_absolute.py
mac,EMIT_MethaneFuse_FINAL_FREEZE/scripts/prepare_emit_for_methanefuse_v4_resume_rflonly.py,2026-08-14T00:12:49,8a733c4ee64fc50e0b25355b11aac8f5f86b301659513016cd8d57ad25c0a618,emit,dataset_building,scripts/emit/dataset_building/prepare_emit_for_methanefuse_v4_resume_rflonly.py
mac,repair_emit_plm_labels.py,2026-08-10T20:01:33,ce3bf9da9038a5f75e375ebc6d82586226cade498a41e7c2a46c8978396a3288,emit,dataset_building,scripts/emit/dataset_building/repair_emit_plm_labels.py
mac,search_emit_v2_controlled_release_availability.py,2026-07-23T01:51:07,d573a365a00f800cf82046ac1ce38ae5d984b6a6de6eeeb198765e6a8867d96c,emit,matching,scripts/emit/matching/search_emit_v2_controlled_release_availability.py
mac,audit_mars_emit_l2b_final.py,2026-08-13T10:09:41,4cfbc3ea48a1c5d90dd5515a1f8b54f98b9579bdbe9991f9d204b873113c5921,emit,qa,scripts/emit/qa/audit_mars_emit_l2b_final.py
mac,EMIT_FINAL_FREEZE_RUN_INSTRUCTIONS.txt,2026-08-15T11:19:00,ec3de6c3b597be48296284ba2ee39e40f9728c1cf8c186c8e5537455558ca7d6,emit,utilities,scripts/emit/utilities/EMIT_FINAL_FREEZE_RUN_INSTRUCTIONS.txt
mac,download_enmap_primary721_v4_safe_partials.py,2026-08-17T10:35:28,48022a657575e8387098b9dbb467f12ea241ea8a48398cf9996652b851d3e35d,enmap,acquisition,scripts/enmap/acquisition/download_enmap_primary721_v4_safe_partials.py
mac,download_enmap_primary72h_nominal_v3_fresh.py,2026-08-13T14:50:30,b36f72551aa146cef4383bd45a3602363c87bc5fb396b549cee175bd89120f3c,enmap,acquisition,scripts/enmap/acquisition/download_enmap_primary72h_nominal_v3_fresh.py
mac,build_enmap_download_manifests_v1.py,2026-08-13T12:45:14,a7016aa6e3dbde6df3ce9e9f14a04106c16f8ddbdb7baacd61e93d6d94219693,enmap,dataset_building,scripts/enmap/dataset_building/build_enmap_download_manifests_v1.py
mac,build_enmap_download_phases_v1.py,2026-08-13T12:48:12,720cdf3ee245c99affef466bfd3e3564e7ea21c95592ea50face0a2480ce2f02,enmap,dataset_building,scripts/enmap/dataset_building/build_enmap_download_phases_v1.py
mac,build_unified_enmap_inputs_v1.py,2026-08-12T18:35:06,3fff546edc144569e0a1ef31e8e1b0a2c626031afbdcbacefdd7509eb9a574b3,enmap,dataset_building,scripts/enmap/dataset_building/build_unified_enmap_inputs_v1.py
mac,repair_enmap_corrupt_partials_bulk_v3_curl.py,2026-08-17T14:38:43,823de1b70ce6a70ebd117051d898fc01d3802708bf9be9728752cefa60ebae5c,enmap,dataset_building,scripts/enmap/dataset_building/repair_enmap_corrupt_partials_bulk_v3_curl.py
mac,repair_enmap_corrupt_partials_fresh_v1.py,2026-08-17T14:46:02,54086ec53adb910baaa7fcda247d130567463c4a5d833d12c78655c41eaae29a,enmap,dataset_building,scripts/enmap/dataset_building/repair_enmap_corrupt_partials_fresh_v1.py
mac,repair_enmap_partial_prefix_v1.py,2026-08-17T10:34:11,72e5702cc784ae32313e4c34019bd266ded897e329acd3883a32cb1272876b72,enmap,dataset_building,scripts/enmap/dataset_building/repair_enmap_partial_prefix_v1.py
mac,match_all_methane_to_enmap_v4_timestamp_repaired.py,2026-08-13T11:51:32,fd2b410cbe6ee0348146efaf5b569d88bbced963b2b49e9fa46918b33143be8c,enmap,matching,scripts/enmap/matching/match_all_methane_to_enmap_v4_timestamp_repaired.py
mac,audit_enmap_corrupt_fresh_exact_v1.py,2026-08-17T14:43:09,bdea2de36be41301392f7abf3c2c88ac2fae3e8ea090ea044a8d6dc5974c4081,enmap,qa,scripts/enmap/qa/audit_enmap_corrupt_fresh_exact_v1.py
mac,audit_enmap_current_exact_v1.py,2026-08-13T15:23:10,e9459ca4562b0c033bd918bce4acf18c1084ea5b668dfb3243dfeda761c046d5,enmap,qa,scripts/enmap/qa/audit_enmap_current_exact_v1.py
mac,audit_enmap_primary762_asset_availability_v1.py,2026-08-13T15:30:24,081b28b59dd34bd11a88a5f9f1057349ddd0b76abe4b2b4662572e148cc79164,enmap,qa,scripts/enmap/qa/audit_enmap_primary762_asset_availability_v1.py
mac,diagnose_enmap_404_path_repair_v1.py,2026-08-13T15:27:46,9fd2f0c5f843fb886d27ec507315c817f5030c3a359ad23962db9b6146dbea2e,enmap,qa,scripts/enmap/qa/diagnose_enmap_404_path_repair_v1.py
mac,diagnose_enmap_auth_v1.py,2026-08-13T15:19:41,cb447e6c760da2fc78ecf9551e2246c0a710bc84c256235cb903f5af031f0137,enmap,qa,scripts/enmap/qa/diagnose_enmap_auth_v1.py
mac,retry_enmap_primary259_errors_v1.py,2026-08-13T23:15:44,074f083c151e650f070dfbb51735d4b240fa447dfd9072e7fa209d53365fb502,enmap,utilities,scripts/enmap/utilities/retry_enmap_primary259_errors_v1.py
mac,build_ghgsat_observation_manifest.py,2026-07-23T02:57:46,4322a1f946728e981cba43823d3772d4294499c697d2291fafa52b4e663b55a8,ghgsat,dataset_building,scripts/ghgsat/dataset_building/build_ghgsat_observation_manifest.py
mac,audit_ghgsat_controlled_release_source.py,2026-07-23T02:51:23,da2d81c8f5d2feef2388c9e11c93d90ade4ba513c26cdc129c37fd9f6df5a04b,ghgsat,qa,scripts/ghgsat/qa/audit_ghgsat_controlled_release_source.py
mac,download_ehrenberg_priority_landsat.py,2026-07-20T14:21:57,554a96350c1c4f98dd3cb95f1cd92f23cb4b907bc57b999d9602d777bc7c25b4,landsat,acquisition,scripts/landsat/acquisition/download_ehrenberg_priority_landsat.py
mac,download_landsat_selected_matched_negatives.py,2026-07-22T19:58:42,6f84f3a1ba2ebd2c0c61fa6db6c2d31713cf405c32f7a978b6460401bc9b5758,landsat,acquisition,scripts/landsat/acquisition/download_landsat_selected_matched_negatives.py
mac,download_targeted_landsat_reviewed_scenes.py,2026-07-17T16:30:14,f52ea82f5619920b4ef84223b24d27e8da0e82542667355a05fed5ffd981cd19,landsat,acquisition,scripts/landsat/acquisition/download_targeted_landsat_reviewed_scenes.py
mac,analyze_landsat_loocv_errors.py,2026-07-17T15:10:33,9db39a512cb89ef5314c589b055c85ef70372d36a901c150d3937671eceda84d,landsat,analysis,scripts/landsat/analysis/analyze_landsat_loocv_errors.py
mac,build_2022_landsat_scene_label_review.py,2026-07-17T15:26:41,eeaeb4a0de8823042872d9387b109ca4b784cd79b42517c63ae1e55b981a3ace,landsat,dataset_building,scripts/landsat/dataset_building/build_2022_landsat_scene_label_review.py
mac,build_and_check_landsat_35_scene_benchmark.py,2026-07-22T20:12:39,f2e6fc7a1229119626fba5d246c27be285347aad258ec2ff3e1f4cca2a3559e9,landsat,dataset_building,scripts/landsat/dataset_building/build_and_check_landsat_35_scene_benchmark.py
mac,build_clean_unique_landsat_dataset.py,2026-07-17T15:04:25,05321bbe7c2783e03dd4fc14bf24cc05f90458b44cd8f638d39af8facf7cc857,landsat,dataset_building,scripts/landsat/dataset_building/build_clean_unique_landsat_dataset.py
mac,build_evanston_landsat_release_manifest.py,2026-07-20T15:33:58,2ff71009d4f1145358527ff7545db3490c96feee86ade216f2088475b13509cb,landsat,dataset_building,scripts/landsat/dataset_building/build_evanston_landsat_release_manifest.py
mac,build_final_confirmed_landsat_dataset.py,2026-07-17T15:35:28,393bdf06cff1b3dcaa11e518e66a2192afd5ae676319b86dd542a9a18b9fa32e,landsat,dataset_building,scripts/landsat/dataset_building/build_final_confirmed_landsat_dataset.py
mac,build_landsat_global_matched_negative_manifest.py,2026-07-22T19:51:09,dc77476bbe5eab8c536a50eb466a3e8f21e521bd9e8c88c09389337054ceb3bc,landsat,dataset_building,scripts/landsat/dataset_building/build_landsat_global_matched_negative_manifest.py
mac,build_landsat_high_emission_background_manifest.py,2026-07-20T14:52:14,c65b226cbf387a7e364a8b8c2fcf5a6d36fface2c49ec4b4d41f16f986e803d9,landsat,dataset_building,scripts/landsat/dataset_building/build_landsat_high_emission_background_manifest.py
mac,build_landsat_positive_release_inventory.py,2026-07-20T14:44:44,44c1c7762aa529d961b6ce288f5a48016d99125e147e55c5ebdd54dcd6dcf568,landsat,dataset_building,scripts/landsat/dataset_building/build_landsat_positive_release_inventory.py
mac,build_landsat_v2_datasets.py,2026-07-20T14:29:16,8a9d7096b33d70bbbd5b7558c682b7c62ea02a9aafdfe6f5a4bf867d76c40646,landsat,dataset_building,scripts/landsat/dataset_building/build_landsat_v2_datasets.py
mac,build_s2_landsat_matched_eval.py,2026-07-31T11:50:37,0ae57e4478fb56b8e9e447b08091a6aaf4846261cfef952322599d7d3d838a14,landsat,dataset_building,scripts/landsat/dataset_building/build_s2_landsat_matched_eval.py
mac,finalize_landsat_positive_ground_truth.py,2026-07-20T14:49:03,2aa86b11f3c0fbcf5cad5f546b0278fd5f75e6fac4c839d6f2ffc2a897d4136b,landsat,dataset_building,scripts/landsat/dataset_building/finalize_landsat_positive_ground_truth.py
mac,make_controlled_release_landsat_dataset_table.py,2026-07-17T13:47:57,1cbde0ca16854e6aba548d42be4952a003377463c84e3b959e04bae4c286b774,landsat,dataset_building,scripts/landsat/dataset_building/make_controlled_release_landsat_dataset_table.py
mac,prepare_evanston_unique_landsat_overpasses.py,2026-07-20T15:35:49,40e328c48349e29535fadbc74b24dbb36370f7821189130c64dbe2eaaa86a4c8,landsat,dataset_building,scripts/landsat/dataset_building/prepare_evanston_unique_landsat_overpasses.py
mac,prepare_landsat89_methanefuse_zero_shot.py,2026-07-30T23:37:32,dc5118997028d498cbd9b78c27f54601e29f08782bf26c4f9cf62a8118f82941,landsat,dataset_building,scripts/landsat/dataset_building/prepare_landsat89_methanefuse_zero_shot.py
mac,prepare_landsat_mixed_label_review.py,2026-07-17T15:01:46,0718c6efb059f8d4cc7506cfcee02aacead9295cf82ab5b384193959ac0ddb3c,landsat,dataset_building,scripts/landsat/dataset_building/prepare_landsat_mixed_label_review.py
mac,prepare_landsat_selected_negative_download_manifest.py,2026-07-22T19:53:37,fb4f60a4f0876c64dd03ea7b45cf679bbf9cee029e36af71cf221ee134a32b7d,landsat,dataset_building,scripts/landsat/dataset_building/prepare_landsat_selected_negative_download_manifest.py
mac,rebuild_landsat_dataset_with_campaign_schedule.py,2026-07-17T16:21:07,d572695ada8524a7088dbfc44ef963a6f7225f4c94555a580096b536b447f43e,landsat,dataset_building,scripts/landsat/dataset_building/rebuild_landsat_dataset_with_campaign_schedule.py
mac,repair_landsat_confirmed_site_metadata.py,2026-07-22T19:20:00,0b55c3b93a640045d5e654a783b2cd15e2f168b150d988508b47997a485ecf1b,landsat,dataset_building,scripts/landsat/dataset_building/repair_landsat_confirmed_site_metadata.py
mac,outputs/132_search_evanston_landsat_scenes.js,2026-07-20T15:35:55,450daab1990e6f0d6500b2f66d26712493a2d1b409144e58b37ac9fcd49f60df,landsat,utilities,scripts/landsat/earth_engine/132_search_evanston_landsat_scenes.js
mac,outputs/13_export_s2_landsat_patches.js,2026-06-28T14:21:39,41429f618677fae506d6da76782b470682f0c7378f69710494ce29fa5c9413e2,landsat,utilities,scripts/landsat/earth_engine/13_export_s2_landsat_patches.js
mac,extract_ehrenberg_priority_landsat_features.py,2026-07-20T14:26:22,130b7e2d34f46ae3cc296f2a26f94a2bc9a5a83ce70ab96c35d3060902d6441a,landsat,features,scripts/landsat/features/extract_ehrenberg_priority_landsat_features.py
mac,extract_landsat_patch_features.py,2026-07-17T14:52:52,c57e99f00700b6a3e77164fcbcba35d5b45023fbc6a8998adfc81e2f3347ba6e,landsat,features,scripts/landsat/features/extract_landsat_patch_features.py
mac,extract_landsat_temporal_anomaly_features.py,2026-07-20T14:55:24,4fcc3fd7d6477f552272cf5609308eb33c084f72c395085097d4a82df9e591d5,landsat,features,scripts/landsat/features/extract_landsat_temporal_anomaly_features.py
mac,extract_targeted_landsat_reviewed_features.py,2026-07-20T13:44:41,b550a8f73cc1d6a5385f50687e976a9b71d3964e79af7511e1fe3303a7e0ab96,landsat,features,scripts/landsat/features/extract_targeted_landsat_reviewed_features.py
mac,find_additional_evanston_landsat_events.py,2026-07-20T16:13:52,072b74b73cd2ff61e0486562ef6dacebf9bc4155673d0233d098ca8bc4143a4f,landsat,matching,scripts/landsat/matching/find_additional_evanston_landsat_events.py
mac,resolve_landsat_existing_scene_matches.py,2026-07-17T16:04:59,314f300eadad776132e0f4f05d55ea5d755765c279a303bf34b95b2adc6e48f4,landsat,matching,scripts/landsat/matching/resolve_landsat_existing_scene_matches.py
mac,search_evanston_landsat_scenes_local.py,2026-07-20T15:42:23,b9d42e00523b19180dbcf624523b5c18484418c3fd43ea244e0f81e6e15c725e,landsat,matching,scripts/landsat/matching/search_evanston_landsat_scenes_local.py
mac,search_landsat_casa_grande_expanded_candidates.py,2026-07-22T19:33:56,af90fd76b84bf491e1cc44176b1f6a369327cc4abfaddce44a2081eb4204495b,landsat,matching,scripts/landsat/matching/search_landsat_casa_grande_expanded_candidates.py
mac,search_landsat_matched_negative_candidates.py,2026-07-17T15:44:24,2b144f9d59f1bb1b34e67a48243ff52d425122e917fbc0ed6249340fd2e1c9e2,landsat,matching,scripts/landsat/matching/search_landsat_matched_negative_candidates.py
mac,calibrate_landsat_site_baseline_and_evaluate.py,2026-07-20T15:01:33,2058e9bfc6f6101428de4baf7dfc9e57faa14841614fc4247ea40cae979ec286,landsat,modeling,scripts/landsat/modeling/calibrate_landsat_site_baseline_and_evaluate.py
mac,evaluate_landsat_35_scene_grouped_baseline.py,2026-07-22T20:16:30,68eab7f9e11e25e495624d9cb3f91763e00ed5a81c8de33e9d18c1f921799d83,landsat,modeling,scripts/landsat/modeling/evaluate_landsat_35_scene_grouped_baseline.py
mac,evaluate_landsat_leave_one_site_out_v2.py,2026-07-20T14:31:28,910361eb404206b24d7b6200b4e9905c8ea93105ad1312e2aec68eae0c85cbb7,landsat,modeling,scripts/landsat/modeling/evaluate_landsat_leave_one_site_out_v2.py
mac,evaluate_landsat_temporal_anomaly_grouped.py,2026-07-22T20:34:49,7f690776c461e9f1f6d62ad0cd9ba2cb39b5e7c31204092492bf040099292ed5,landsat,modeling,scripts/landsat/modeling/evaluate_landsat_temporal_anomaly_grouped.py
mac,evaluate_landsat_temporal_anomaly_loso.py,2026-07-20T14:57:53,7de3d8f3fd8e63c739699c44283bf38a07bd6afa7eb629040154b75531e7e297,landsat,modeling,scripts/landsat/modeling/evaluate_landsat_temporal_anomaly_loso.py
mac,evaluate_landsat_temporal_context_only.py,2026-07-22T20:39:44,d9e996572c2312fe99635070857a6cc433a7e02312ae5f635d283a2d18d010c2,landsat,modeling,scripts/landsat/modeling/evaluate_landsat_temporal_context_only.py
mac,train_clean_landsat_baseline.py,2026-07-17T15:07:15,23d1f07e63f69d431dfca9ba0dad8b98e727f61bcf9aefd520ef7b3c12e78ded,landsat,modeling,scripts/landsat/modeling/train_clean_landsat_baseline.py
mac,train_landsat_baseline_classifier.py,2026-07-17T14:15:37,cca4fbf31b9120c846bd6a55da4127337395226d0b3879bdfcd3e3955203f1ea,landsat,modeling,scripts/landsat/modeling/train_landsat_baseline_classifier.py
mac,audit_all_landsat_pixel_duplicates.py,2026-07-20T14:24:26,4504fe9e948f82d7b9a0d718fa52cd2bb6c5dd22ed82cf9f2e3d312d6221084e,landsat,qa,scripts/landsat/qa/audit_all_landsat_pixel_duplicates.py
mac,audit_landsat_candidate_release_contamination.py,2026-07-22T19:23:48,c33661aa35e72eeaa3d77e4e274d6090937f80c4bd93c87e4d06fa888142c14f,landsat,qa,scripts/landsat/qa/audit_landsat_candidate_release_contamination.py
mac,audit_landsat_duplicate_rasters.py,2026-07-17T14:58:36,61d1b13cb9acca9ed7a27328a96db9d5fa148be8e0e53df09452f0f04acfc815,landsat,qa,scripts/landsat/qa/audit_landsat_duplicate_rasters.py
mac,audit_landsat_matched_negative_pairing.py,2026-07-22T19:20:23,12dc277d79a0ff0424dba0d730ed476e2ce1f6d72581998ef4862d4ac02ef23a,landsat,qa,scripts/landsat/qa/audit_landsat_matched_negative_pairing.py
mac,audit_landsat_modeling_readiness.py,2026-07-17T14:55:38,fa6b0e6bf2a4ddf33a6974e5414427833de07e54d472eb596617292e658e6038,landsat,qa,scripts/landsat/qa/audit_landsat_modeling_readiness.py
mac,audit_landsat_negative_candidates.py,2026-07-17T16:01:11,4cd9823fa52123ecf15fa4597c1bf408e7009706a3c3276d0667acf9e2a164ec,landsat,qa,scripts/landsat/qa/audit_landsat_negative_candidates.py
mac,check_controlled_release_landsat_patches.py,2026-07-17T13:47:46,5a260fd6bddfcbee816b68fd5cfff7c3ce3a922dc1cf3d16893b52b40a137276,landsat,qa,scripts/landsat/qa/check_controlled_release_landsat_patches.py
mac,check_landsat_matched_negative_patches.py,2026-07-22T20:03:06,a2cf8811033380abff03b837a6dd85d482f6c167b63b0ae3f4a98b66a30f07da,landsat,qa,scripts/landsat/qa/check_landsat_matched_negative_patches.py
mac,inspect_2021_landsat_flow_matches.py,2026-07-17T15:31:59,cd3854f9eec8140c93c9621f7b91fb71199a3e469374ab3eddcd3b910b8bf99f,landsat,qa,scripts/landsat/qa/inspect_2021_landsat_flow_matches.py
mac,inspect_2022_landsat_release_intervals.py,2026-07-17T15:22:24,6f13ceb81297b0447fa64a28698490d12aa2da7f7ed340a0f39a86163f4a4f2d,landsat,qa,scripts/landsat/qa/inspect_2022_landsat_release_intervals.py
mac,inspect_frozen_landsat_pipeline.py,2026-07-21T00:50:00,6e2caaad27ed311ca1983845ebf5e1b9f346c97b006f452f730c1e71e872dbd6,landsat,qa,scripts/landsat/qa/inspect_frozen_landsat_pipeline.py
mac,inspect_landsat_before_features.py,2026-07-17T14:41:54,e6d2bc49bf4d025b9a15ab938813c2b70a9542c614214a0fb8c1743bd9768fef,landsat,qa,scripts/landsat/qa/inspect_landsat_before_features.py
mac,inspect_landsat_negative_search_inputs.py,2026-07-17T15:38:21,57518678d9df08509b09972b4bf2b6c60aa9671a0c2e9aeeb8be4241ca8714de,landsat,qa,scripts/landsat/qa/inspect_landsat_negative_search_inputs.py
mac,auto_download_controlled_release_landsat_patches.py,2026-07-17T16:49:27,bd9ad95263e96da9866f7562486deabdd7d79ab7846b4d1bdfbfee6f762a1d5b,landsat,utilities,scripts/landsat/utilities/auto_download_controlled_release_landsat_patches.py
mac,collapse_landsat_candidates_to_unique_overpasses.py,2026-07-17T16:07:45,85d7d1a9477026794c61394da6f74ed8c08709a5768c6053a1b918b1df30d23e,landsat,utilities,scripts/landsat/utilities/collapse_landsat_candidates_to_unique_overpasses.py
mac,download_methaneair_reference_negatives.py,2026-07-24T17:36:01,627b68bf71e2e55cfe0a00c8968f266fa6f1f9cf1c4a1baa80bcf42c092707ec,methaneair,acquisition,scripts/methaneair/acquisition/download_methaneair_reference_negatives.py
mac,download_methaneair_s2_below500_patches.py,2026-07-22T21:49:17,6a1e6d290c033a881d536c43c2baa5ae19759b5f08bfa0336e142950fcb3e01d,methaneair,acquisition,scripts/methaneair/acquisition/download_methaneair_s2_below500_patches.py
fir,MethaneFuse/methaneair_full_pipeline/download_sentinel2_matches.py,2026-08-05T19:53:27,d05336ba10b9d317cc0d3717407cd069147b918f498246d9a514edce8770f641,methaneair,acquisition,scripts/methaneair/acquisition/download_sentinel2_matches.py
fir,MethaneFuse/methaneair_full_pipeline/download_sentinel2_matches_best_qa_v2.py,2026-08-05T00:13:45,7db6c0fb88b3b69ee0bf27f4c1da8a5385376334f3f22431a9343224fcab7c80,methaneair,acquisition,scripts/methaneair/acquisition/download_sentinel2_matches_best_qa_v2.py
fir,MethaneFuse/methaneair_full_pipeline/export_methaneair_gee_v2.py,2026-08-04T21:25:32,03c579531bcb4663648caf89b00879b54a8acbb7d5feb43c2181f799d9e9d426,methaneair,acquisition,scripts/methaneair/acquisition/export_methaneair_gee_v2.py
mac,analyze_methaneair_sameparent_paired_predictions_v11.py,2026-08-13T17:31:07,ab8450bd443ca55ab04ba36d385be9d7e5ab77caa222eb569f2755cb8c3a0dee,methaneair,analysis,scripts/methaneair/analysis/analyze_methaneair_sameparent_paired_predictions_v11.py
fir,MethaneFuse/methaneair_full_pipeline/build_methaneair_ground_truth.py,2026-08-03T06:06:56,c6d335b6ba082a1e919e9ad6b169dc28b413d5a24d175b157619faa264e2d8fc,methaneair,dataset_building,scripts/methaneair/dataset_building/build_methaneair_ground_truth.py
mac,build_methaneair_sameparent_paired_benchmark_v11_2.py,2026-08-13T21:15:51,15cd25d2fab11029eab5c39ae2bd5fd52b78c83afcb749fdcc7c7b85f7b80515,methaneair,dataset_building,scripts/methaneair/dataset_building/build_methaneair_sameparent_paired_benchmark_v11_2.py
mac,freeze_build_methaneair_368_methanefuse_v10_1.py,2026-08-13T16:00:59,05f68a3d70786d19bee311ee3d949789c608138ab0c7acc178bd25a6ac99bc9d,methaneair,dataset_building,scripts/methaneair/dataset_building/freeze_build_methaneair_368_methanefuse_v10_1.py
mac,make_methaneair_dataset_table.py,2026-06-30T15:53:04,d126ed0518f0162e8f9d492f0d69da7d63cf7782a242c9beb0e32020da42073d,methaneair,dataset_building,scripts/methaneair/dataset_building/make_methaneair_dataset_table.py
mac,prepare_methaneair_s2_p1_methanefuse.py,2026-07-31T10:05:26,65471844e775a87d3513ec8bc52595bd92dd882501271916c4aa2159857eb3eb,methaneair,dataset_building,scripts/methaneair/dataset_building/prepare_methaneair_s2_p1_methanefuse.py
mac,prepare_selected_methaneair_sites_v2.py,2026-07-24T14:52:20,8ce38bc343ef79d739c35774047c9cf322f92eda7a731fb1d006aae4fbbf7ada,methaneair,dataset_building,scripts/methaneair/dataset_building/prepare_selected_methaneair_sites_v2.py
mac,repair_methaneair_sameparent_disjoint_t0_v12.py,2026-08-14T00:20:15,5c8ba47c88a2ba3bdd4b8000af78a51c6bfe3e30339392b794329bcf5299ee03,methaneair,dataset_building,scripts/methaneair/dataset_building/repair_methaneair_sameparent_disjoint_t0_v12.py
fir,MethaneFuse/methaneair_full_pipeline/methaneair_export_code_editor.js,2026-08-03T06:06:56,24aae9fb8937c430f0ead0ea46d938c900319b91196939258dd47a6c00e68d53,methaneair,utilities,scripts/methaneair/earth_engine/methaneair_export_code_editor.js
mac,resolve_methaneair_ultralow_s2_scenes.py,2026-07-22T21:13:43,77b4b9a180d7e3dc3652a3703ea21e83bb88e19d9b08f2f8733b1cc8b89b6fc2,methaneair,matching,scripts/methaneair/matching/resolve_methaneair_ultralow_s2_scenes.py
mac,search_methaneair_s2_scenes_gee.py,2026-07-31T02:06:54,acca806df87c79f40f1b1be780f7efe733e8eaaf3f5bfcbf3c42bfac92a47a46,methaneair,matching,scripts/methaneair/matching/search_methaneair_s2_scenes_gee.py
mac,audit_methaneair_s2_low_emission_candidates.py,2026-07-22T21:08:36,ad8f25a8ed3040bf8784658bc7d5ffceeddfd7f6164c1ed994ce5be49402e954,methaneair,qa,scripts/methaneair/qa/audit_methaneair_s2_low_emission_candidates.py
mac,audit_methaneair_s2_strict_spatial_independence.py,2026-07-22T21:17:55,ee19cc22011637b463f55d4ad58b9eb50c2fbe164d72ba09cc3cb1be2694dfb2,methaneair,qa,scripts/methaneair/qa/audit_methaneair_s2_strict_spatial_independence.py
fir,MethaneFuse/methaneair_full_pipeline/audit_sentinel2_downloads_v2.py,2026-08-05T00:20:41,fc249ccdfdb00404b9be47d69f17c0b3025d4493266ab17b127161f6ecdfed6d,methaneair,qa,scripts/methaneair/qa/audit_sentinel2_downloads_v2.py
mac,check_methaneair_patches.py,2026-06-30T15:46:35,7f6c2df95088a43dd7f659a3df12f4d0ae89e03cd3e5a4f0c8b89de190574571,methaneair,qa,scripts/methaneair/qa/check_methaneair_patches.py
mac,qa_methaneair_s2_below500_patches.py,2026-07-22T22:35:13,5fad1a6b3fa67a2b5b623236cee8e94c0a03fdb62113009caeba40a9ad812bad,methaneair,qa,scripts/methaneair/qa/qa_methaneair_s2_below500_patches.py
mac,validate_methaneair_368_methanefuse_loader_v10.py,2026-08-13T15:33:27,489c9ec7be42cc68d598b976b42765b5189c28c1753ad5976c67f68e3b20aee5,methaneair,qa,scripts/methaneair/qa/validate_methaneair_368_methanefuse_loader_v10.py
mac,validate_s2_methaneair_overlap.py,2026-07-31T02:06:54,b28b77b63b054493aae6b77814a2e682f6cbff3c3602762c9560e465ab7fe286,methaneair,qa,scripts/methaneair/qa/validate_s2_methaneair_overlap.py
fir,MethaneFuse/run_methaneair_s2_p1_eval.sh,2026-07-31T11:34:30,d878d1c90c93bcc26eac6749393661dcce630d98474da76362d89857eec70184,methaneair,modeling,scripts/methaneair/shell/run_methaneair_s2_p1_eval.sh
fir,MethaneFuse/run_methaneair_s2_p1_eval_360m.sh,2026-08-06T19:54:44,b41dd468ca5315d1e2480c829a52cf923c955c8a85813407ebb2dd763c560f4a,methaneair,modeling,scripts/methaneair/shell/run_methaneair_s2_p1_eval_360m.sh
mac,auto_download_methaneair_s2_patches.py,2026-07-14T13:55:34,8faef81413c4f3af64a986e8e0a8d004c876280124b142dcce56de6ca0140ccf,methaneair,utilities,scripts/methaneair/utilities/auto_download_methaneair_s2_patches.py
mac,lock_methaneair_s2_below500_candidates.py,2026-07-23T00:02:43,cddce2921b9e160eb68ba9ed9f62dbe2d763ad69c0d2962ab9a2b08dc55999db,methaneair,utilities,scripts/methaneair/utilities/lock_methaneair_s2_below500_candidates.py
mac,map_all45_methaneair_ground_truth.py,2026-07-28T19:19:21,9253ce40a7a12ccf5b3ba7489193c0d50122a106b0982b2564eeeaf0ca18e595,methaneair,utilities,scripts/methaneair/utilities/map_all45_methaneair_ground_truth.py
mac,methaneair_2025_coverage_parallel_v4.py,2026-08-13T02:31:32,fbf6dcc9f79ffd597d9585a496f0d697e03ff45818640a127cacfcbafb221961,methaneair,utilities,scripts/methaneair/utilities/methaneair_2025_coverage_parallel_v4.py
mac,methaneair_b5_s2_sensitivity_v6.py,2026-08-13T10:58:36,4bc5833fe6a5cd6b3a532a4c2e5c84bf5ece2bb5dea0b224fa4e3ca8a6b4b643,methaneair,utilities,scripts/methaneair/utilities/methaneair_b5_s2_sensitivity_v6.py
mac,methaneair_coverage_first_v5.py,2026-08-13T10:42:20,705aa764e41f0e37665f54d4a3a89b8f6439edeac82aca7de0337ee2d12f3760,methaneair,utilities,scripts/methaneair/utilities/methaneair_coverage_first_v5.py
mac,methaneair_l3_corrected_coverage_v8.py,2026-08-13T11:37:21,999d7fb615efe9e420e74a16e61582f92da1228217923218966079bd78eb9974,methaneair,utilities,scripts/methaneair/utilities/methaneair_l3_corrected_coverage_v8.py
mac,methaneair_production_668_v9.py,2026-08-13T11:45:14,73c9cfeb2c8e554bba9abff84dfa295ea5f6feb42e75a712af78c838bf5fc46d,methaneair,utilities,scripts/methaneair/utilities/methaneair_production_668_v9.py
mac,methaneair_s2_corrected_qa_v7_1.py,2026-08-13T11:15:46,b050f7799697b8c1542879215da6b8ad6316b732c616cc58bf653b458bc44a87,methaneair,utilities,scripts/methaneair/utilities/methaneair_s2_corrected_qa_v7_1.py
mac,rank_methaneair_sites.py,2026-07-24T14:46:03,d7294e71833197a4040c9283370190f84f075c7f661890199c3774f845e79f6e,methaneair,utilities,scripts/methaneair/utilities/rank_methaneair_sites.py
mac,summarize_methaneair_availability.py,2026-06-30T15:29:50,af19a91167cf33589c39f9c54958b9059c6dc3a15fd3e96faea90131e160987e,methaneair,utilities,scripts/methaneair/utilities/summarize_methaneair_availability.py
mac,visualize_methaneair_patches.py,2026-06-30T15:49:20,d975febd0629b8e2fb42a7ef124168904e99a93318e2dd7b9725d4c110404b18,methaneair,visualization,scripts/methaneair/visualization/visualize_methaneair_patches.py
fir,MethaneFuse/backfill_physical_release_metadata.py,2026-08-04T22:01:28,0e1041205a2fa30e46071bb2831c184e98d02d0881f07814999025031ec7e80f,methanefuse,dataset_building,scripts/methanefuse/dataset_building/backfill_physical_release_metadata.py
fir,MethaneFuse/build_grouped_experiment_inputs.py,2026-08-05T20:56:18,4e624ff608ec64d763f826af2d63139e23a8db6dd61bad0ca58d443f9210f0db,methanefuse,dataset_building,scripts/methanefuse/dataset_building/build_grouped_experiment_inputs.py
fir,MethaneFuse/scripts/build_master_inventory.py,2026-08-10T14:57:22,8c6fd9aeed88f4e51ebb0fc5b25ad3857fc4d00197e96ba4d9e048fa22ad3122,methanefuse,dataset_building,scripts/methanefuse/dataset_building/build_master_inventory.py
fir,MethaneFuse/scripts/build_professor_master_inventory.py,2026-08-10T15:24:04,fa0933cdad9941b062a0a4dc32306d19727b3ba908041f834505eef34d0ebe08,methanefuse,dataset_building,scripts/methanefuse/dataset_building/build_professor_master_inventory.py
fir,MethaneFuse/build_unified_methane_master_v3.py,2026-08-02T21:52:35,74eef6ee334d46fdfe97c770ee1a2d45db3002bd2a645e9c19ef5fad3f39406b,methanefuse,dataset_building,scripts/methanefuse/dataset_building/build_unified_methane_master_v3.py
mac,make_methanefuse_smoke_dataset_v4.py,2026-07-24T23:58:15,127ecb067f01aa656042b627c7db7a521bb0c7974af03aea9ce5834e1d46c82d,methanefuse,dataset_building,scripts/methanefuse/dataset_building/make_methanefuse_smoke_dataset_v4.py
fir,MethaneFuse/prepare_baseline_augmented_experiments.py,2026-08-05T20:56:42,46ee0a9d1172d2c09bc0057e4af30d9360b1898aca9cae9425b537d3d5e71791,methanefuse,dataset_building,scripts/methanefuse/dataset_building/prepare_baseline_augmented_experiments.py
fir,MethaneFuse/prepare_four_query_runs.py,2026-08-05T21:29:29,8208bd9df90131f3faa9e7758f0a0d2b6e94311d19d65cc5778cb5fa6289938f,methanefuse,dataset_building,scripts/methanefuse/dataset_building/prepare_four_query_runs.py
fir,MethaneFuse/scripts/prepare_strict506_480m_stac.py,2026-08-06T20:32:57,dcd2e0fe02280c2cb47d90b632609f4af1bb80c4df3c30f8e7ff08c5ce8c4e69,methanefuse,dataset_building,scripts/methanefuse/dataset_building/prepare_strict506_480m_stac.py
fir,MethaneFuse/prepare_two_negative_group_cv.py,2026-08-05T21:00:03,1573ba622cb9b2f6961d58fbb36a06e27704375dbef88d847ceddd5a1c28ab45,methanefuse,dataset_building,scripts/methanefuse/dataset_building/prepare_two_negative_group_cv.py
fir,MethaneFuse/recover_missing_methane_sources_v2.py,2026-08-02T22:16:04,eb7e471282b30ef69d1dec2c4f75eb0944986ba1a230e7e9ac13c0be2dc0b797,methanefuse,dataset_building,scripts/methanefuse/dataset_building/recover_missing_methane_sources_v2.py
fir,MethaneFuse/aggregate_methanefuse_loso_results.py,2026-07-30T19:34:17,9692eb1817036d20c693f67d6906932adec375b78071076dc4d6150c7d898fcd,methanefuse,modeling,scripts/methanefuse/modeling/aggregate_methanefuse_loso_results.py
fir,MethaneFuse/audit_live_inventory.py,2026-08-05T19:40:21,0ca4db5afa7b74bec056acdd530f5547443c38250daac455150ab8d82c584144,methanefuse,qa,scripts/methanefuse/qa/audit_live_inventory.py
fir,MethaneFuse/audit_two_negative_group_cv.py,2026-08-05T21:04:23,71f1ac925b120cf07530ad19b2955a5038163c08c826ce4badd98e58719cb6b8,methanefuse,qa,scripts/methanefuse/qa/audit_two_negative_group_cv.py
fir,MethaneFuse/run_exact3_methanefuse.sh,2026-07-30T23:22:30,6b71b4f4c35247524d45286c982826d86d4b0cfa05d7c084b7e5ecdddc4b98f2,methanefuse,modeling,scripts/methanefuse/shell/run_exact3_methanefuse.sh
fir,MethaneFuse/patch_eval_wv3_optional.py,2026-08-05T21:59:04,201a846ed0f251888f1b6ce373c8ef4d5a03c218df1da2a7dc9a8e38dfcda007,methanefuse,utilities,scripts/methanefuse/utilities/patch_eval_wv3_optional.py
fir,MethaneFuse/start_methane_dataset_expansion_v1.py,2026-08-02T22:08:10,351116721daf1be23c44f576e699b0676991fc5c4fff0f2a6b5bbd97ff0be004,methanefuse,utilities,scripts/methanefuse/utilities/start_methane_dataset_expansion_v1.py
mac,download_methanesat_temporal_negatives_resume.py,2026-08-12T17:43:53,faf12595f44c1e7fbfbb11d15f2b2e50012cf74b69f6b2fdcf3154f78fe37491,methanesat,acquisition,scripts/methanesat/acquisition/download_methanesat_temporal_negatives_resume.py
mac,download_methanesat_temporal_negatives_resume_v2_smbsafe.py,2026-08-12T23:11:42,df0350e24326dc264546ea9d3497155d6fdea3460c935559786d856adb0a8900,methanesat,acquisition,scripts/methanesat/acquisition/download_methanesat_temporal_negatives_resume_v2_smbsafe.py
mac,analyze_methanesat_116_background_normalized_signal.py,2026-08-13T14:49:08,ed3b33384ff1cdda9cf7f5d136de5b37c0eaeb2e3560dd2d7f605fc29f19e010,methanesat,analysis,scripts/methanesat/analysis/analyze_methanesat_116_background_normalized_signal.py
mac,analyze_methanesat_116_paired_image_signal.py,2026-08-13T12:36:48,addb3f5f8c7788a3e4ccd21a03c672afbeab826f2aeadeb85955b28da14ccadf,methanesat,analysis,scripts/methanesat/analysis/analyze_methanesat_116_paired_image_signal.py
mac,analyze_methanesat_116_spatial_localization.py,2026-08-13T13:00:53,627490fcca335a51b44b4e298af7f7ee6255f6f049b8af95a0998b94823fb95f,methanesat,analysis,scripts/methanesat/analysis/analyze_methanesat_116_spatial_localization.py
mac,build_methanesat_120_paired_image_benchmark.py,2026-08-12T20:38:08,16e5973ae3d05f07004dadd31ddf31d80fd0ae1e0acf3fa3c5589391f110aa74,methanesat,dataset_building,scripts/methanesat/dataset_building/build_methanesat_120_paired_image_benchmark.py
mac,build_methanesat_120_paired_image_benchmark_v2_smbsafe.py,2026-08-12T23:09:55,93fbdab32b41bb6e1cb261e7284376f863c1621b167664ffa9c3aa27834c60b3,methanesat,dataset_building,scripts/methanesat/dataset_building/build_methanesat_120_paired_image_benchmark_v2_smbsafe.py
mac,build_methanesat_156_far_temporal_negatives.py,2026-08-12T19:29:33,c21dd022491d14dd3ea120209bcd61f30bf1a795f914e2e9633dc6d32a1dbdc0,methanesat,dataset_building,scripts/methanesat/dataset_building/build_methanesat_156_far_temporal_negatives.py
mac,build_methanesat_156_far_temporal_negatives_v2_skip_corrupt.py,2026-08-12T20:20:05,0d20d0fcd2514cb0f86ae356bbc4b57a3490487c8890bb87a8fe8b2a570dc961,methanesat,dataset_building,scripts/methanesat/dataset_building/build_methanesat_156_far_temporal_negatives_v2_skip_corrupt.py
mac,build_methanesat_same_site_temporal_negatives.py,2026-08-12T00:30:53,1c10e2572897999fb44c70c025986d9fecf39415947ab0379408f0a8ecebb423,methanesat,dataset_building,scripts/methanesat/dataset_building/build_methanesat_same_site_temporal_negatives.py
mac,build_methanesat_same_site_temporal_negatives_resume.py,2026-08-12T00:35:58,2a01bbe6cb574c39159f0f2bb18cb27d1fab66094be481817fbce4f3c0c12d4b,methanesat,dataset_building,scripts/methanesat/dataset_building/build_methanesat_same_site_temporal_negatives_resume.py
mac,recover_methanesat_120_failed_sides_localstage.py,2026-08-13T12:03:38,66bac17855bf97189763d2bb525309b9636f00ab5feaba9b25abc6ba5d80f96c,methanesat,dataset_building,scripts/methanesat/dataset_building/recover_methanesat_120_failed_sides_localstage.py
mac,repair_methanesat_120_with_next_best_controls.py,2026-08-13T12:17:12,3736e77de968087c2745f9def91616d5068ced476cf85318dba85854d4decc12,methanesat,dataset_building,scripts/methanesat/dataset_building/repair_methanesat_120_with_next_best_controls.py
mac,run_methanesat_raw_local_background.py,2026-08-11T20:31:52,4411795cd2f0e4b3b197f00d863ff852a61550e77f90ac19c6aef743d725584a,methanesat,modeling,scripts/methanesat/modeling/run_methanesat_raw_local_background.py
mac,audit_methanesat_confounds.py,2026-08-11T19:03:39,41da0b6ad947321727c28842571cfb2f1d60b706524e037371b65277d7899c47,methanesat,qa,scripts/methanesat/qa/audit_methanesat_confounds.py
mac,audit_methanesat_l4point_refresh_canonical.py,2026-08-12T19:14:44,e35a179a175f79b165b6de6ed6ed886b65ba4376e97369c6a2027d8e9ecbcbd2,methanesat,qa,scripts/methanesat/qa/audit_methanesat_l4point_refresh_canonical.py
mac,audit_methanesat_methanefuse_native_compatibility.py,2026-08-13T15:42:48,271aca39e65b27ba1ce51f808e750baaefbfc91d6e767263e16b9ec14ccc05f0,methanesat,qa,scripts/methanesat/qa/audit_methanesat_methanefuse_native_compatibility.py
mac,validate_methanesat_temporal_negatives_against_inventory_v2.py,2026-08-12T17:25:41,bd2e78260d923953f813d9444a726b505724c3e842384132207553d8a90d528b,methanesat,qa,scripts/methanesat/qa/validate_methanesat_temporal_negatives_against_inventory_v2.py
mac,integrate_methanesat_into_professor_master.py,2026-08-10T21:18:50,3772f98589884344faccd20bf030b345d899538ff4aadacd423ba0a9f8e9e05f,methanesat,utilities,scripts/methanesat/utilities/integrate_methanesat_into_professor_master.py
mac,refresh_methanesat_l4point_and_download_missing.py,2026-08-12T17:55:37,752396b2eaafdaf2bbce880bc0115b739d37518213844855990652cfd9de1c92,methanesat,utilities,scripts/methanesat/utilities/refresh_methanesat_l4point_and_download_missing.py
mac,build_five_site_methanefuse_source.py,2026-07-30T14:02:12,61ca3a812b203be2db82de8f5127a405df0919dc07c4c9c8349c812c0a7a1866,multisensor,dataset_building,scripts/multisensor/dataset_building/build_five_site_methanefuse_source.py
mac,build_multisensor_master_manifest.py,2026-07-22T15:02:36,3ad0a03feb2ed021701dad45ab352e3c3041cf23a955c70b99b0dda06659327e,multisensor,dataset_building,scripts/multisensor/dataset_building/build_multisensor_master_manifest.py
mac,build_multisite_wind_matches_v2.py,2026-07-24T22:12:08,068b499bdc3ba15df483d77edadc1db600295970a6c9de03f4c5de14ebd14b66,multisensor,dataset_building,scripts/multisensor/dataset_building/build_multisite_wind_matches_v2.py
mac,make_multisensor_dataset_summary.py,2026-07-17T14:09:34,5988c9866178de61ef8c70e8bf5e7d707958c86ee7b363d3c270d6d5ea9043f7,multisensor,dataset_building,scripts/multisensor/dataset_building/make_multisensor_dataset_summary.py
mac,prepare_and_finalize_five_sites.py,2026-07-24T17:36:01,edbfa88ef0eb1a677344ac09fd7fd05e3cdad73f0f591f661dc07e12d3ae6eb9,multisensor,dataset_building,scripts/multisensor/dataset_building/prepare_and_finalize_five_sites.py
mac,prepare_five_site_methanefuse_zero_shot.py,2026-07-30T16:02:15,3a9bae3da7e8fff75a3eff8f2e8d035aefb8216ad0346deb87f7edef56a61ede,multisensor,dataset_building,scripts/multisensor/dataset_building/prepare_five_site_methanefuse_zero_shot.py
fir,MethaneFuse/five_site_loso_tools/prepare_methanefuse_five_site_loso.py,2026-07-30T18:45:03,c406d6cebb3e685c7fcb43382a6242f9afebc61f89c9bc681e2d376014b251aa,multisensor,dataset_building,scripts/multisensor/dataset_building/prepare_methanefuse_five_site_loso.py
mac,five_site_multisource_pipeline/install_and_prepare.sh,2026-07-24T17:33:19,50e7f6c4b7ddff3936462bffad1c427b020f7257609c5184cb490417e6e88b7d,multisensor,utilities,scripts/multisensor/shell/install_and_prepare.sh
mac,multisite_steps_1_to_4/install_multisite_pipeline.sh,2026-07-25T00:40:14,67130ac6b0ddcdf04c91768db15314dbe22bd3e6839f744f5f2254e8faa501ae,multisensor,utilities,scripts/multisensor/shell/install_multisite_pipeline.sh
mac,finish_multisite_remaining/finish_multisite_remaining.py,2026-07-25T03:52:38,4317c5945638c4e75549665ecd54e15b0bdec3da66ce86664a8fe65f5dca08b3,multisensor,utilities,scripts/multisensor/utilities/finish_multisite_remaining.py
mac,multisensor.py,2026-07-31T01:05:33,511af74777a6d9cccd9567b12743b150721e2a6cb206f1df540260cf717e8488,multisensor,utilities,scripts/multisensor/utilities/multisensor.py
mac,multisite_steps_1_to_4/multisite_pipeline.py,2026-07-25T00:39:30,30685987ea059edc5d80d8258cf60ed2c75cec94b92f36e3065c4574626de972,multisensor,utilities,scripts/multisensor/utilities/multisite_pipeline.py
mac,download_and_qa_s2_high_emission_benchmark_v2.py,2026-07-22T14:07:00,37934426dbd876634dc1df053bd01ad6434c0ac300a0194126553f61f5bc97e1,sentinel2,acquisition,scripts/sentinel2/acquisition/download_and_qa_s2_high_emission_benchmark_v2.py
mac,download_and_qa_s2_low_emission_negatives.py,2026-07-22T13:12:02,266a31e2d04d5ccad26451e6214f98315dcfc3f7f9d16d5615627f5d2d52d1c0,sentinel2,acquisition,scripts/sentinel2/acquisition/download_and_qa_s2_low_emission_negatives.py
mac,download_and_qa_s2_low_emission_scenes.py,2026-07-22T13:00:36,0bcb221f8e8bdedb10b3b2d0fe200271b306e79c8166db8b4f23fa354ea58a37,sentinel2,acquisition,scripts/sentinel2/acquisition/download_and_qa_s2_low_emission_scenes.py
mac,analyze_s2_directional_sector_anomalies.py,2026-07-22T13:29:46,cdd453294828964ad102cb79f1ea5e15cc229ac4288998f3e7d81d9048d71695,sentinel2,analysis,scripts/sentinel2/analysis/analyze_s2_directional_sector_anomalies.py
mac,analyze_s2_low_emission_spatial_anomalies.py,2026-07-22T13:24:45,395e8361e9b2387cddd59386b3d035893cbdb753fcfb81b4e6339ea901e3b748,sentinel2,analysis,scripts/sentinel2/analysis/analyze_s2_low_emission_spatial_anomalies.py
mac,analyze_s2_recall_by_emission_bin.py,2026-07-28T23:36:54,bc7af26259147622c55bc0a2a7804a7bb1bad6de6287989b23bef0a56f893804,sentinel2,analysis,scripts/sentinel2/analysis/analyze_s2_recall_by_emission_bin.py
mac,analyze_s2_source_background_contrast.py,2026-07-22T13:27:06,09e1843620603006c182a83869015a23cc46c01baa4cff54c216b0b379209bfb,sentinel2,analysis,scripts/sentinel2/analysis/analyze_s2_source_background_contrast.py
fir,MethaneFuse/attach_s2_paths_to_two_group_cv.py,2026-08-05T21:20:45,2ee25f4b8245101674a9d30d74821254b9834b72dc152202dbfdaec0f06b2dab,sentinel2,dataset_building,scripts/sentinel2/dataset_building/attach_s2_paths_to_two_group_cv.py
mac,build_exact3_s2_480m_smoke_manifest.py,2026-07-30T11:47:35,eb0c5a3a3b37f65bb08eee9daa997695557c4fcc5ecb2ea84a8167239ba3bddf,sentinel2,dataset_building,scripts/sentinel2/dataset_building/build_exact3_s2_480m_smoke_manifest.py
mac,s2_five_site_expansion_v1/build_five_site_multisource_manifest_v1.py,2026-07-24T20:57:06,231276e0afd074891495accca7107de36c7c509de5f133bd5ed3eea56702f11d,sentinel2,dataset_building,scripts/sentinel2/dataset_building/build_five_site_multisource_manifest_v1.py
mac,build_s2_high_emission_benchmark_features.py,2026-07-22T14:08:56,9de32c143dfba972cb8d836dea90a6a3d43170bf42a629c59dd6a553d6d4af39,sentinel2,dataset_building,scripts/sentinel2/dataset_building/build_s2_high_emission_benchmark_features.py
mac,build_s2_low_emission_pilot_benchmark.py,2026-07-22T13:15:46,9c28d851eb56b0febbf0689ad602aff992a3976e990cc2cfbdc2717e15d1eb1b,sentinel2,dataset_building,scripts/sentinel2/dataset_building/build_s2_low_emission_pilot_benchmark.py
mac,build_s2_strict_candidate_inventory.py,2026-07-22T00:26:41,9da1c0b80e26736ee7de97b14dceac637a1f6f8d08a748927cd71ddfeecc7475,sentinel2,dataset_building,scripts/sentinel2/dataset_building/build_s2_strict_candidate_inventory.py
mac,build_s2_strict_review_package.py,2026-07-22T00:45:46,a4880ea477952ce0ea9e1627a188b154e653f8cab8e9ee3ead8db15425a4ce33,sentinel2,dataset_building,scripts/sentinel2/dataset_building/build_s2_strict_review_package.py
mac,build_s2_verified_emission_predictions.py,2026-07-28T23:53:13,5bbaaf0bc27dcb45772d00a00941dc7f790d3146824fe63e65cec16549e67f82,sentinel2,dataset_building,scripts/sentinel2/dataset_building/build_s2_verified_emission_predictions.py
mac,complete_s2_high_emission_wind_plan_with_era5land.py,2026-07-22T14:20:49,8cba31a7d8df683f2c25f312a4d4eacb97d35bf6866f35511f2dfc14bee0b357,sentinel2,dataset_building,scripts/sentinel2/dataset_building/complete_s2_high_emission_wind_plan_with_era5land.py
mac,finalize_s2_direct_strict_ground_truth.py,2026-07-22T01:38:57,b2d9c40025e34c813e9dc0da20604810982b75fbfd553eee843d03876b2e3838,sentinel2,dataset_building,scripts/sentinel2/dataset_building/finalize_s2_direct_strict_ground_truth.py
mac,finalize_s2_high_emission_positive_manifest.py,2026-07-22T13:56:22,0e75739d1ea4e47a62d784a842eadf4ed50377d284f85331afc37437310b52ac,sentinel2,dataset_building,scripts/sentinel2/dataset_building/finalize_s2_high_emission_positive_manifest.py
mac,finalize_s2_low_emission_scene_manifest.py,2026-07-22T12:57:37,7b130d321f7a5272b6bd8e07021f4932536ed203a6fa149dd51cab46297b5c60,sentinel2,dataset_building,scripts/sentinel2/dataset_building/finalize_s2_low_emission_scene_manifest.py
mac,make_s2_strict_review_compact.py,2026-07-22T00:59:32,e03ff3c8634f356512b7a934e4ad28b07ba5916e3b031d34212d27d8fb4a27ea,sentinel2,dataset_building,scripts/sentinel2/dataset_building/make_s2_strict_review_compact.py
mac,prepare_exact_s2_methanefuse_external_eval.py,2026-07-30T13:11:48,48e7afc066d70bad100b25b48e07900d9c72e44d90b6ba4b60f0978a4f32ed43,sentinel2,dataset_building,scripts/sentinel2/dataset_building/prepare_exact_s2_methanefuse_external_eval.py
mac,prepare_s2_high_emission_positive_inventory.py,2026-07-22T13:50:26,446e46f03706b465195020b66bf27f19cf61a0906a9dedc7a8a7655ccead38df,sentinel2,dataset_building,scripts/sentinel2/dataset_building/prepare_s2_high_emission_positive_inventory.py
mac,replace_failed_s2_high_emission_negative.py,2026-07-22T14:06:42,e3eb78f937a1fb01b662b82c63fbdf298600219c49de6d26440a26caeb47ba38,sentinel2,dataset_building,scripts/sentinel2/dataset_building/replace_failed_s2_high_emission_negative.py
mac,extract_and_lock_s2_high_emission_wind_plan.py,2026-07-22T14:12:55,10c56cc450998554ba0aabab0b689ebe2df8f55627e40989d9db6af09765271c,sentinel2,features,scripts/sentinel2/features/extract_and_lock_s2_high_emission_wind_plan.py
mac,extract_s2_patch_features.py,2026-07-14T14:23:39,511a062f6e9efc634657e992689176f9933c752668cf8f12e6818d0950f41171,sentinel2,features,scripts/sentinel2/features/extract_s2_patch_features.py
mac,extract_s2_true_wind_directions.py,2026-07-22T13:34:05,4d9bb4645f6c5556126c9b8228e0ecdf3394391bfd38a537838a2956bafd057d,sentinel2,features,scripts/sentinel2/features/extract_s2_true_wind_directions.py
mac,extract_s2_wind_direction_evidence.py,2026-07-22T13:31:53,5878a857ee879d874dc12d9e35f26f83cfec74fc74ba9bcecc15688a32be0a72,sentinel2,features,scripts/sentinel2/features/extract_s2_wind_direction_evidence.py
mac,find_and_download_s2_reference_negatives_v4.py,2026-07-24T15:45:53,65ae411f9c181e4487368a8bacbd459eca03de0d108e7458a4ee8b408de791be,sentinel2,matching,scripts/sentinel2/matching/find_and_download_s2_reference_negatives_v4.py
mac,match_s2_candidates_to_raw_release_rows.py,2026-07-22T00:31:33,07e7f5be3f373a72df2aa8ac3693a58963d8a56e0072f6af9e518ab8c8f233eb,sentinel2,matching,scripts/sentinel2/matching/match_s2_candidates_to_raw_release_rows.py
mac,resolve_s2_high_emission_scene_ids.py,2026-07-22T13:53:45,0ecc34c4576c161e159275137b860dcba8d518d9acf109b340cff3217b0322e8,sentinel2,matching,scripts/sentinel2/matching/resolve_s2_high_emission_scene_ids.py
mac,search_s2_exact_low_emission_overlaps.py,2026-07-22T01:51:10,508fb9580a331da8e3bdc0b19c966e9913aaddb4a60a69f5ac1c96b714261bb5,sentinel2,matching,scripts/sentinel2/matching/search_s2_exact_low_emission_overlaps.py
mac,search_s2_high_emission_matched_negatives.py,2026-07-22T14:00:46,70a524f020edcc573d2bca1ec29007088dc4f2ebff1c0e77c4f8b619dcf5aca1,sentinel2,matching,scripts/sentinel2/matching/search_s2_high_emission_matched_negatives.py
mac,search_s2_matched_negatives_for_low_emission.py,2026-07-22T13:06:33,d7972e3508af705130d6b9ac341c7e5352710430f8bdb721040cb14bf27e627a,sentinel2,matching,scripts/sentinel2/matching/search_s2_matched_negatives_for_low_emission.py
mac,multisource_s2_model_v2/run_multisource_s2_model_v2.py,2026-07-24T20:34:44,6b59d89a3322134819933655cd6ad752e1241f27d34c9cc645ac24036eeab1a8,sentinel2,modeling,scripts/sentinel2/modeling/run_multisource_s2_model_v2.py
mac,run_s2_five_site_generalization.py,2026-07-28T20:25:17,8ff1a11527ccc79df02b4a109aaeda8c686584ec73704290f136014fc26defd1,sentinel2,modeling,scripts/sentinel2/modeling/run_s2_five_site_generalization.py
mac,run_s2_high_emission_wind_aligned_analysis.py,2026-07-22T14:27:44,39c829ef7e54f31e97e41e791a8116960d1369418e1cf936debcc05c54e865fe,sentinel2,modeling,scripts/sentinel2/modeling/run_s2_high_emission_wind_aligned_analysis.py
mac,run_s2_locked_wind_aligned_analysis.py,2026-07-22T13:44:26,93ffdde8c1b92d51142bfb5abfc077c4d728bc3a510b86495a61478108738304,sentinel2,modeling,scripts/sentinel2/modeling/run_s2_locked_wind_aligned_analysis.py
mac,audit_all_local_s2_reference.py,2026-08-11T01:39:24,5473008ae346138e85cb5cca3bac8c935adff6de08fbfd809c0939900771c742,sentinel2,qa,scripts/sentinel2/qa/audit_all_local_s2_reference.py
mac,audit_and_replace_s2_negative_contamination.py,2026-07-22T13:10:04,15c5e4f8a1d38fe3ef544cb701cfefc173f30c0bdf88cbc0d92732321dc047a0,sentinel2,qa,scripts/sentinel2/qa/audit_and_replace_s2_negative_contamination.py
mac,audit_missing_s2_high_emission_wind_sources.py,2026-07-22T14:14:55,c99ed3a00d798108f5a6b0381de725b504da6377bc2429850255962ada7aa4fb,sentinel2,qa,scripts/sentinel2/qa/audit_missing_s2_high_emission_wind_sources.py
mac,audit_s2_actual_acquisition_time.py,2026-07-22T00:22:59,50aad199a5e89cfc8f73d29464d15046fc56ad49ae87403b4e7d2c2b31357291,sentinel2,qa,scripts/sentinel2/qa/audit_s2_actual_acquisition_time.py
mac,audit_s2_low_emission_inputs.py,2026-07-22T21:02:09,afef8d715131bc02cd9ecdb0bc7d98d5f266509ab73d7793bfcaae52ae4f89b2,sentinel2,qa,scripts/sentinel2/qa/audit_s2_low_emission_inputs.py
mac,inspect_s2_ground_truth_lineage.py,2026-07-22T00:17:38,a8cb3c64bcc3f174da1f3cde092b40d6539c330ed4e3abcd72a0068c36460816,sentinel2,qa,scripts/sentinel2/qa/inspect_s2_ground_truth_lineage.py
mac,multisource_s2_model_v2/install_and_run_multisource_model_v2.sh,2026-07-24T20:34:44,a4659eeba30953400c3a22ced497d21fdff1968b19dc1f2e074d19d27921e7b2,sentinel2,modeling,scripts/sentinel2/shell/install_and_run_multisource_model_v2.sh
mac,actual_s2_45day_parallel_v3.py,2026-08-13T02:05:53,2b0de7eba389c9a28203ff39c79aa30a944ac60b5bf31cab9a549cb3490b334f,sentinel2,utilities,scripts/sentinel2/utilities/actual_s2_45day_parallel_v3.py
mac,actual_s2_parallel_validation_10parents_v2.py,2026-08-13T01:50:37,2cca1b8a97ed52759133768ef674f8be1e06269bee26f1c96b1ca7156fbd8b4e,sentinel2,utilities,scripts/sentinel2/utilities/actual_s2_parallel_validation_10parents_v2.py
mac,auto_download_controlled_release_s2_patches.py,2026-07-14T14:05:21,7ff063ece807f547bb89c2c87225ad22952b35f75f3189b8660e0f4c77fdf34b,sentinel2,utilities,scripts/sentinel2/utilities/auto_download_controlled_release_s2_patches.py
mac,lock_s2_low_emission_pilot_v1.py,2026-07-22T13:41:50,342bd2b77a6c05d6baac13e7696e559020b8ac3570e4291edd01004735a1ffed,sentinel2,utilities,scripts/sentinel2/utilities/lock_s2_low_emission_pilot_v1.py
mac,rematch_casa_grande_s2_exact_date.py,2026-07-22T01:16:18,5d34296ff80c9d365ea5542e27e996b83edeb3f317c46c47b0c961da74b57606,sentinel2,utilities,scripts/sentinel2/utilities/rematch_casa_grande_s2_exact_date.py
mac,review_s2_unique_low_emission_scenes.py,2026-07-22T12:55:04,6e6fcdd02c9568db033a78dcb8fe93e791b10801af7a346f77072652af8ed815,sentinel2,utilities,scripts/sentinel2/utilities/review_s2_unique_low_emission_scenes.py
mac,download_stanford_all_sensor.py,2026-08-11T20:17:02,33c1c15ef8f19d0a14c9678bcb6ac636c910a413f6ec059e2d2294e66d49dc5a,stanford_controlled_release,acquisition,scripts/stanford_controlled_release/acquisition/download_stanford_all_sensor.py
mac,download_stanford_enmap_v4.py,2026-08-15T14:23:13,98ec827736c496b58eb31584178877aa35f1566e8fc111a6914bf094052da9fc,stanford_controlled_release,acquisition,scripts/stanford_controlled_release/acquisition/download_stanford_enmap_v4.py
mac,stanford_2024_2025_controlled_release/download_stanford_files.py,2026-08-11T01:04:20,e3c63b45230700c34c0c4d40d1b58d9282a6a238aadca1c0c6cf4e3a96d232d9,stanford_controlled_release,acquisition,scripts/stanford_controlled_release/acquisition/download_stanford_files.py
mac,download_stanford_landsat_v3.py,2026-08-12T16:26:52,f04aec14289b02b8c13e2a49c256274937476bf38566909a2b7fd09ce1dd17e3,stanford_controlled_release,acquisition,scripts/stanford_controlled_release/acquisition/download_stanford_landsat_v3.py
mac,download_stanford_sdr_files.py,2026-07-20T15:21:25,5a03792a27e54f9a035983e13bb6fc40b93f76376f545b9b1ec5b53bacb3983f,stanford_controlled_release,acquisition,scripts/stanford_controlled_release/acquisition/download_stanford_sdr_files.py
mac,stanford_2024_2025_controlled_release/resolve_stanford_s2_cdse.py,2026-08-11T12:45:20,dd8a2257a3b1ffb3064522be64ed2eb34b5904d8a2759a706aee15b798f1e742,stanford_controlled_release,matching,scripts/stanford_controlled_release/matching/resolve_stanford_s2_cdse.py
mac,audit_ghgsat_stanford_timestamp_structure.py,2026-07-23T02:53:24,e42d3c3244d6b2d4df582204d6f43d90740f8c355a3a32681087fce13e00fb84,stanford_controlled_release,qa,scripts/stanford_controlled_release/qa/audit_ghgsat_stanford_timestamp_structure.py
mac,stanford_2024_2025_controlled_release/audit_stanford_dataset.py,2026-08-11T11:29:52,bd7175378e6d7defbbfcab491f966d12147f0682181ba28b14b60d0eb7aed462,stanford_controlled_release,qa,scripts/stanford_controlled_release/qa/audit_stanford_dataset.py
mac,audit_stanford_enmap_retry.py,2026-08-11T20:06:04,82249cc0791664260da669bc85fee4b4342fd4ffdef560257a26ed42a1994c1f,stanford_controlled_release,qa,scripts/stanford_controlled_release/qa/audit_stanford_enmap_retry.py
mac,audit_stanford_landsat_emit_enmap.py,2026-08-11T18:42:30,c191df20746f50655524f3d7b1d568eaa9e2a4239b2fc39b887da90796f31346,stanford_controlled_release,qa,scripts/stanford_controlled_release/qa/audit_stanford_landsat_emit_enmap.py
mac,stanford_2024_2025_controlled_release/inspect_stanford_files.py,2026-08-11T01:04:04,5f86c7c3138619c817256c1c76acb43dccc20eb07389c2dbe4425f05a5023e6b,stanford_controlled_release,qa,scripts/stanford_controlled_release/qa/inspect_stanford_files.py
mac,merge_stanford_release_summaries.py,2026-07-20T15:32:24,86c860ecb05fe1c431b174eae9f11d44bcc52bff6c6ba9315e2a69a5729f70f9,stanford_controlled_release,utilities,scripts/stanford_controlled_release/utilities/merge_stanford_release_summaries.py
mac,summarize_stanford_landsat_sites.py,2026-07-20T16:15:20,2dae9a34da2dd44457e33db31f2772dd4dc00aae30f6b6c34d60aa3631e8ea24,stanford_controlled_release,utilities,scripts/stanford_controlled_release/utilities/summarize_stanford_landsat_sites.py
mac,unep_mars/download_mars_s2_direct_smb.py,2026-08-11T14:54:55,cfd7687f4daf992ab374fcd539b91c87357ce5e04ae56140612aeadc685dabbf,unep_mars,acquisition,scripts/unep_mars/acquisition/download_mars_s2_direct_smb.py
mac,unep_mars/download_mars_s2_exact_t0.py,2026-08-10T23:35:11,a259670a588d3c0c9a56a25b9b14a4fe70141bdd1da17986bed688e9bd5f9718,unep_mars,acquisition,scripts/unep_mars/acquisition/download_mars_s2_exact_t0.py
mac,download_marss2l_development_patches.py,2026-07-21T21:21:13,3e78232128f99291a8bd4ba626f559e67a192b0bf7f29d1eea49daff10f3dd04,unep_mars,acquisition,scripts/unep_mars/acquisition/download_marss2l_development_patches.py
mac,download_marss2l_development_replacements_round1.py,2026-07-21T23:25:21,99eae7a7d53fe5e7a7ab43fe6a41d6c27c46a03624d91fb324937026589e75d9,unep_mars,acquisition,scripts/unep_mars/acquisition/download_marss2l_development_replacements_round1.py
mac,download_marss2l_frozen_external_patches.py,2026-07-20T22:36:39,e8121bf7346005adb29614a2db667f17a62359d35926bae3a21d3485466c33b5,unep_mars,acquisition,scripts/unep_mars/acquisition/download_marss2l_frozen_external_patches.py
mac,download_marss2l_metadata.py,2026-07-20T22:20:19,04db10e34f663d8528a8cd2ea8e62c26c18ca566ec1f02015ef78c5fccd1623b,unep_mars,acquisition,scripts/unep_mars/acquisition/download_marss2l_metadata.py
mac,download_marss2l_replacement_patches.py,2026-07-21T00:42:33,c25025407173b49726e821c6e7626e106315ac4e49b093a0d2a9650d457b61d2,unep_mars,acquisition,scripts/unep_mars/acquisition/download_marss2l_replacement_patches.py
mac,download_marss2l_v1_2_replacement.py,2026-07-21T00:47:37,70c79dd46b08a1e6e4a2a82fc2ff1b9e236dfee55affdfe0698400097f01ba68,unep_mars,acquisition,scripts/unep_mars/acquisition/download_marss2l_v1_2_replacement.py
mac,unep_mars/export_mars_s2_t0_manifest.py,2026-08-11T11:32:49,731777af38b16fe1b67fb0c0bbcc00e4909383f66c3b3a15bb8704a1bc55a8d5,unep_mars,acquisition,scripts/unep_mars/acquisition/export_mars_s2_t0_manifest.py
mac,unep_mars/analyze_mars_s2_resolved.py,2026-08-11T11:29:07,1871ad381297af5ffc038c518f631bcbeb39d1efccc6900eb6c0e0719947e77b,unep_mars,analysis,scripts/unep_mars/analysis/analyze_mars_s2_resolved.py
mac,build_marss2l_development_replacements_round1.py,2026-07-21T23:24:22,82cec54e7a8401f20e4e9656fffd7d4cb5886d74f9a3ce02677290e88deb1869,unep_mars,dataset_building,scripts/unep_mars/dataset_building/build_marss2l_development_replacements_round1.py
mac,build_marss2l_site_disjoint_development_manifest.py,2026-07-21T21:17:15,328ae2777dba5b3e8471bf368c6da7f459af65258cfbad891cbe4ae76807f284,unep_mars,dataset_building,scripts/unep_mars/dataset_building/build_marss2l_site_disjoint_development_manifest.py
mac,finalize_marss2l_development_clean_v2.py,2026-07-21T23:37:50,4248de1d35dfba31c4ab5f633c2e8e52b69bec94fc7b175c71ff88e3bdcb381a,unep_mars,dataset_building,scripts/unep_mars/dataset_building/finalize_marss2l_development_clean_v2.py
mac,freeze_marss2l_external_manifest.py,2026-07-20T22:33:12,16670ad89ad6ee568273c98beb9ed8984ec3ed211a25d7c4e0d061c1cec12bf0,unep_mars,dataset_building,scripts/unep_mars/dataset_building/freeze_marss2l_external_manifest.py
mac,prepare_marss2l_development_download_manifest.py,2026-07-21T21:20:16,4947d7862be3db14ecb5adaa78bde691a3d5d7bb03bc11437605b740782d6cf0,unep_mars,dataset_building,scripts/unep_mars/dataset_building/prepare_marss2l_development_download_manifest.py
mac,replace_failed_marss2l_negatives.py,2026-07-21T00:42:05,686d0f9da8ba19363cca6932158133692e32710ae39d8426a3ba67a65de5eae7,unep_mars,dataset_building,scripts/unep_mars/dataset_building/replace_failed_marss2l_negatives.py
mac,replace_remaining_failed_marss2l_negative_v1_2.py,2026-07-21T00:47:22,2e4bddbac817dd9d1e99d65e5526ff73ed96b66c60e9843c559674253b6daca4,unep_mars,dataset_building,scripts/unep_mars/dataset_building/replace_remaining_failed_marss2l_negative_v1_2.py
mac,extract_marss2l_development_multifeatures.py,2026-07-21T23:41:27,afef98758de1b61c5ef856b6290a948bc415f64b03a28513b5569f9aae80a3b9,unep_mars,features,scripts/unep_mars/features/extract_marss2l_development_multifeatures.py
mac,extract_marss2l_external_multifeatures.py,2026-07-21T23:49:12,ced0e2b5b8dc53f27d26edffc4e1512cf304c81b5c892b36da1da774deed0df3,unep_mars,features,scripts/unep_mars/features/extract_marss2l_external_multifeatures.py
mac,build_and_evaluate_marss2l_frozen_external_model.py,2026-07-21T21:03:12,44031b925e301995862660bf306282a54785d96f500b31504b6c1039ce4aecf1,unep_mars,modeling,scripts/unep_mars/modeling/build_and_evaluate_marss2l_frozen_external_model.py
mac,train_marss2l_site_disjoint_models.py,2026-07-21T23:46:01,79d332d00a37d176f2928a9d964eb733457734bff3e062fabd0364594705b331,unep_mars,modeling,scripts/unep_mars/modeling/train_marss2l_site_disjoint_models.py
mac,diagnose_marss2l_external_transfer.py,2026-07-21T23:53:55,ffdba09b0738097999b254516390db63555466fb110c7a3fa3612b7666257897,unep_mars,qa,scripts/unep_mars/qa/diagnose_marss2l_external_transfer.py
mac,diagnose_marss2l_frozen_external_result.py,2026-07-21T21:07:24,c1489460f7ec00457774bcabeec2e246505ec12fe1d8faf10f783003c7434a9f,unep_mars,qa,scripts/unep_mars/qa/diagnose_marss2l_frozen_external_result.py
mac,inspect_marss2l_landsat_metadata.py,2026-07-20T22:22:10,b072d82b6a52e30733e2857d4715165f375a1adc9dc21425f4502342a888125c,unep_mars,qa,scripts/unep_mars/qa/inspect_marss2l_landsat_metadata.py
mac,screen_marss2l_development_sites.py,2026-07-21T21:13:05,30919be68eb77ebb080026e3cd628f39bbbb485dc92172a5088a6f7a96362134,unep_mars,qa,scripts/unep_mars/qa/screen_marss2l_development_sites.py
mac,screen_marss2l_external_sites.py,2026-07-20T22:30:47,0f662feaf7619619d2258e2fdc236658114a2eaa66546bdb2c32f5066e328152,unep_mars,qa,scripts/unep_mars/qa/screen_marss2l_external_sites.py
