repo_path,status,error
scripts/landsat/utilities/auto_download_controlled_release_landsat_patches.py,PASS,
scripts/landsat/utilities/collapse_landsat_candidates_to_unique_overpasses.py,PASS,
scripts/landsat/qa/inspect_2021_landsat_flow_matches.py,PASS,
scripts/landsat/qa/inspect_frozen_landsat_pipeline.py,PASS,
scripts/landsat/qa/audit_landsat_modeling_readiness.py,PASS,
scripts/landsat/qa/audit_landsat_candidate_release_contamination.py,PASS,
scripts/landsat/qa/audit_all_landsat_pixel_duplicates.py,PASS,
scripts/landsat/qa/audit_landsat_negative_candidates.py,PASS,
scripts/landsat/qa/check_landsat_matched_negative_patches.py,PASS,
scripts/landsat/qa/inspect_landsat_before_features.py,PASS,
scripts/landsat/qa/inspect_landsat_negative_search_inputs.py,PASS,
scripts/landsat/qa/inspect_2022_landsat_release_intervals.py,PASS,
scripts/landsat/qa/audit_landsat_matched_negative_pairing.py,PASS,
scripts/landsat/qa/check_controlled_release_landsat_patches.py,PASS,
scripts/landsat/qa/audit_landsat_duplicate_rasters.py,PASS,
scripts/landsat/features/extract_landsat_temporal_anomaly_features.py,PASS,
scripts/landsat/features/extract_targeted_landsat_reviewed_features.py,PASS,
scripts/landsat/features/extract_ehrenberg_priority_landsat_features.py,PASS,
scripts/landsat/features/extract_landsat_patch_features.py,PASS,
scripts/landsat/dataset_building/build_landsat_v2_datasets.py,PASS,
scripts/landsat/dataset_building/build_evanston_landsat_release_manifest.py,PASS,
scripts/landsat/dataset_building/prepare_evanston_unique_landsat_overpasses.py,PASS,
scripts/landsat/dataset_building/finalize_landsat_positive_ground_truth.py,PASS,
scripts/landsat/dataset_building/build_2022_landsat_scene_label_review.py,PASS,
scripts/landsat/dataset_building/repair_landsat_confirmed_site_metadata.py,PASS,
scripts/landsat/dataset_building/rebuild_landsat_dataset_with_campaign_schedule.py,PASS,
scripts/landsat/dataset_building/build_final_confirmed_landsat_dataset.py,PASS,
scripts/landsat/dataset_building/make_controlled_release_landsat_dataset_table.py,PASS,
scripts/landsat/dataset_building/build_landsat_high_emission_background_manifest.py,PASS,
scripts/landsat/dataset_building/prepare_landsat89_methanefuse_zero_shot.py,PASS,
scripts/landsat/dataset_building/build_and_check_landsat_35_scene_benchmark.py,PASS,
scripts/landsat/dataset_building/prepare_landsat_mixed_label_review.py,PASS,
scripts/landsat/dataset_building/build_clean_unique_landsat_dataset.py,PASS,
scripts/landsat/dataset_building/prepare_landsat_selected_negative_download_manifest.py,PASS,
scripts/landsat/dataset_building/build_landsat_positive_release_inventory.py,PASS,
scripts/landsat/dataset_building/build_landsat_global_matched_negative_manifest.py,PASS,
scripts/landsat/dataset_building/build_s2_landsat_matched_eval.py,PASS,
scripts/landsat/analysis/analyze_landsat_loocv_errors.py,PASS,
scripts/landsat/acquisition/download_landsat_selected_matched_negatives.py,PASS,
scripts/landsat/acquisition/download_targeted_landsat_reviewed_scenes.py,PASS,
scripts/landsat/acquisition/download_ehrenberg_priority_landsat.py,PASS,
scripts/landsat/matching/search_landsat_matched_negative_candidates.py,PASS,
scripts/landsat/matching/resolve_landsat_existing_scene_matches.py,PASS,
scripts/landsat/matching/search_evanston_landsat_scenes_local.py,PASS,
scripts/landsat/matching/find_additional_evanston_landsat_events.py,PASS,
scripts/landsat/matching/search_landsat_casa_grande_expanded_candidates.py,PASS,
scripts/landsat/modeling/train_landsat_baseline_classifier.py,PASS,
scripts/landsat/modeling/evaluate_landsat_35_scene_grouped_baseline.py,PASS,
scripts/landsat/modeling/evaluate_landsat_temporal_anomaly_loso.py,PASS,
scripts/landsat/modeling/evaluate_landsat_temporal_context_only.py,PASS,
scripts/landsat/modeling/calibrate_landsat_site_baseline_and_evaluate.py,PASS,
scripts/landsat/modeling/evaluate_landsat_leave_one_site_out_v2.py,PASS,
scripts/landsat/modeling/evaluate_landsat_temporal_anomaly_grouped.py,PASS,
scripts/landsat/modeling/train_clean_landsat_baseline.py,PASS,
scripts/ghgsat/qa/audit_ghgsat_controlled_release_source.py,PASS,
scripts/ghgsat/dataset_building/build_ghgsat_observation_manifest.py,PASS,
scripts/stanford_controlled_release/utilities/summarize_stanford_landsat_sites.py,PASS,
scripts/stanford_controlled_release/utilities/merge_stanford_release_summaries.py,PASS,
scripts/stanford_controlled_release/qa/audit_ghgsat_stanford_timestamp_structure.py,PASS,
scripts/stanford_controlled_release/qa/audit_stanford_enmap_retry.py,PASS,
scripts/stanford_controlled_release/qa/audit_stanford_landsat_emit_enmap.py,PASS,
scripts/stanford_controlled_release/qa/inspect_stanford_files.py,PASS,
scripts/stanford_controlled_release/qa/audit_stanford_dataset.py,PASS,
scripts/stanford_controlled_release/acquisition/download_stanford_files.py,PASS,
scripts/stanford_controlled_release/acquisition/download_stanford_all_sensor.py,PASS,
scripts/stanford_controlled_release/acquisition/download_stanford_landsat_v3.py,PASS,
scripts/stanford_controlled_release/acquisition/download_stanford_enmap_v4.py,PASS,
scripts/stanford_controlled_release/acquisition/download_stanford_sdr_files.py,PASS,
scripts/stanford_controlled_release/matching/resolve_stanford_s2_cdse.py,PASS,
scripts/unep_mars/qa/screen_marss2l_external_sites.py,PASS,
scripts/unep_mars/qa/inspect_marss2l_landsat_metadata.py,PASS,
scripts/unep_mars/qa/screen_marss2l_development_sites.py,PASS,
scripts/unep_mars/qa/diagnose_marss2l_external_transfer.py,PASS,
scripts/unep_mars/qa/diagnose_marss2l_frozen_external_result.py,PASS,
scripts/unep_mars/features/extract_marss2l_external_multifeatures.py,PASS,
scripts/unep_mars/features/extract_marss2l_development_multifeatures.py,PASS,
scripts/unep_mars/dataset_building/finalize_marss2l_development_clean_v2.py,PASS,
scripts/unep_mars/dataset_building/replace_failed_marss2l_negatives.py,PASS,
scripts/unep_mars/dataset_building/build_marss2l_site_disjoint_development_manifest.py,PASS,
scripts/unep_mars/dataset_building/replace_remaining_failed_marss2l_negative_v1_2.py,PASS,
scripts/unep_mars/dataset_building/build_marss2l_development_replacements_round1.py,PASS,
scripts/unep_mars/dataset_building/freeze_marss2l_external_manifest.py,PASS,
scripts/unep_mars/dataset_building/prepare_marss2l_development_download_manifest.py,PASS,
scripts/unep_mars/analysis/analyze_mars_s2_resolved.py,PASS,
scripts/unep_mars/acquisition/download_mars_s2_direct_smb.py,PASS,
scripts/unep_mars/acquisition/download_mars_s2_exact_t0.py,PASS,
scripts/unep_mars/acquisition/download_marss2l_metadata.py,PASS,
scripts/unep_mars/acquisition/export_mars_s2_t0_manifest.py,PASS,
scripts/unep_mars/acquisition/download_marss2l_development_patches.py,PASS,
scripts/unep_mars/acquisition/download_marss2l_replacement_patches.py,PASS,
scripts/unep_mars/acquisition/download_marss2l_development_replacements_round1.py,PASS,
scripts/unep_mars/acquisition/download_marss2l_frozen_external_patches.py,PASS,
scripts/unep_mars/acquisition/download_marss2l_v1_2_replacement.py,PASS,
scripts/unep_mars/modeling/train_marss2l_site_disjoint_models.py,PASS,
scripts/unep_mars/modeling/build_and_evaluate_marss2l_frozen_external_model.py,PASS,
scripts/methanesat/utilities/integrate_methanesat_into_professor_master.py,PASS,
scripts/methanesat/utilities/refresh_methanesat_l4point_and_download_missing.py,PASS,
scripts/methanesat/qa/audit_methanesat_confounds.py,PASS,
scripts/methanesat/qa/validate_methanesat_temporal_negatives_against_inventory_v2.py,PASS,
scripts/methanesat/qa/audit_methanesat_l4point_refresh_canonical.py,PASS,
scripts/methanesat/qa/audit_methanesat_methanefuse_native_compatibility.py,PASS,
scripts/methanesat/dataset_building/build_methanesat_120_paired_image_benchmark.py,PASS,
scripts/methanesat/dataset_building/build_methanesat_same_site_temporal_negatives.py,PASS,
scripts/methanesat/dataset_building/recover_methanesat_120_failed_sides_localstage.py,PASS,
scripts/methanesat/dataset_building/build_methanesat_120_paired_image_benchmark_v2_smbsafe.py,PASS,
scripts/methanesat/dataset_building/build_methanesat_same_site_temporal_negatives_resume.py,PASS,
scripts/methanesat/dataset_building/build_methanesat_156_far_temporal_negatives.py,PASS,
scripts/methanesat/dataset_building/build_methanesat_156_far_temporal_negatives_v2_skip_corrupt.py,PASS,
scripts/methanesat/dataset_building/repair_methanesat_120_with_next_best_controls.py,PASS,
scripts/methanesat/analysis/analyze_methanesat_116_background_normalized_signal.py,PASS,
scripts/methanesat/analysis/analyze_methanesat_116_spatial_localization.py,PASS,
scripts/methanesat/analysis/analyze_methanesat_116_paired_image_signal.py,PASS,
scripts/methanesat/acquisition/download_methanesat_temporal_negatives_resume_v2_smbsafe.py,PASS,
scripts/methanesat/acquisition/download_methanesat_temporal_negatives_resume.py,PASS,
scripts/methanesat/modeling/run_methanesat_raw_local_background.py,PASS,
scripts/common/utilities/select_s5p_nearest_valid_orbits.py,PASS,
scripts/common/utilities/review_evanston_positive_scenes.py,PASS,
scripts/common/utilities/select_exact_patchvalid_negatives.py,PASS,
scripts/common/utilities/methane_metadata_scanner_streaming_v3.py,PASS,
scripts/common/utilities/identify_frozen_primary_pipeline.py,PASS,
scripts/common/utilities/fix_controlled_release_candidate_latlon.py,PASS,
scripts/common/utilities/clean_exact_overlap_scene_ground_truth.py,PASS,
scripts/common/utilities/combine_classification_datasets.py,PASS,
scripts/common/utilities/merge_methane_inventories.py,PASS,
scripts/common/utilities/scan_methane_storage.py,PASS,
scripts/common/utilities/summarize_valid_wind_subset.py,PASS,
scripts/common/utilities/postprocess_reference_audit_v2.py,PASS,
scripts/common/utilities/batch_multisource_40_parallel_v1.py,PASS,
scripts/common/utilities/summarize_controlled_release_duplicate_groups.py,PASS,
scripts/common/utilities/methane_metadata_scanner_multi_v2.py,PASS,
scripts/common/utilities/strict_filter_event_table.py,PASS,
scripts/common/utilities/clean_satellite_names.py,PASS,
scripts/common/visualization/visualize_wrong_predictions_swir.py,PASS,
scripts/common/visualization/visualize_wrong_predictions.py,PASS,
scripts/common/qa/audit_casa_grande_candidate_overpasses.py,PASS,
scripts/common/qa/audit_l2a_l2b_true_overlap.py,PASS,
scripts/common/qa/validate_haynesville_candidate_v1.py,PASS,
scripts/common/qa/check_controlled_release_patches.py,PASS,
scripts/common/qa/inspect_2021_release_flow_sources.py,PASS,
scripts/common/qa/inspect_third_site_sources.py,PASS,
scripts/common/qa/audit_methane_project.py,PASS,
scripts/common/qa/verify_controlled_release_event_master.py,PASS,
scripts/common/qa/audit_ehrenberg_candidate_release_evidence.py,PASS,
scripts/common/qa/audit_historical_satellite_controlled_release_source.py,PASS,
scripts/common/qa/inspect_downloaded_ground_truth.py,PASS,
scripts/common/qa/audit_casa_grande_expanded_release_contamination.py,PASS,
scripts/common/qa/audit_controlled_release_master_uniqueness.py,PASS,
scripts/common/features/extract_s5p_regional_anomaly_features.py,PASS,
scripts/common/features/extract_frozen_primary_model_contract.py,PASS,
scripts/common/dataset_building/rebuild_evanston_release_windows.py,PASS,
scripts/common/dataset_building/freeze_evanston_external_result.py,PASS,
scripts/common/dataset_building/build_all_release_intervals_for_s2.py,PASS,
scripts/common/dataset_building/make_experiment_split.py,PASS,
scripts/common/dataset_building/prepare_rematched_l2b_and_rerun_negatives.py,PASS,
scripts/common/dataset_building/build_methane_event_table.py,PASS,
scripts/common/dataset_building/build_patchvalid_balanced20.py,PASS,
scripts/common/dataset_building/build_patchvalid_balanced20_rematched.py,PASS,
scripts/common/dataset_building/build_ehrenberg_priority_batch.py,PASS,
scripts/common/dataset_building/make_final_events_for_gee.py,PASS,
scripts/common/dataset_building/build_controlled_release_master_ground_truth.py,PASS,
scripts/common/dataset_building/build_historical_satellite_acquisition_manifest.py,PASS,
scripts/common/dataset_building/make_unique_overpass_table.py,PASS,
scripts/common/dataset_building/build_evanston_external_anomaly_features.py,PASS,
scripts/common/dataset_building/build_classification_dataset_start.py,PASS,
scripts/common/dataset_building/build_unified_methane_provenance_table.py,PASS,
scripts/common/dataset_building/build_casa_grande_candidate_decision_table.py,PASS,
scripts/common/dataset_building/make_controlled_release_dataset_table.py,PASS,
scripts/common/analysis/compare_s5p_positive_negative_anomalies.py,PASS,
scripts/common/acquisition/download_evanston_negative_patches.py,PASS,
scripts/common/acquisition/download_evanston_confirmed_positive_patches.py,PASS,
scripts/common/matching/find_release_interval_sources.py,PASS,
scripts/common/matching/search_evanston_negative_scenes.py,PASS,
scripts/common/matching/match_candidates_to_existing_excluded_scenes.py,PASS,
scripts/common/matching/find_third_site_candidates.py,PASS,
scripts/common/matching/search_s5p_ch4_controlled_release_availability.py,PASS,
scripts/common/matching/search_more_exact_satellite_overlaps.py,PASS,
scripts/common/matching/find_controlled_release_exact_interval_source.py,PASS,
scripts/common/modeling/run_source_centered_contrast.py,PASS,
scripts/common/modeling/train_baseline_classifier.py,PASS,
scripts/common/modeling/run_reference_similarity_test.py,PASS,
scripts/common/modeling/evaluate_evanston_external_frozen_model.py,PASS,
scripts/common/modeling/calibrate_frozen_alert_threshold.py,PASS,
scripts/common/modeling/evaluate_selected_random_forest_external.py,PASS,
scripts/common/modeling/run_lrad_reference_test.py,PASS,
scripts/methanefuse/utilities/start_methane_dataset_expansion_v1.py,PASS,
scripts/methanefuse/utilities/patch_eval_wv3_optional.py,PASS,
scripts/methanefuse/qa/audit_two_negative_group_cv.py,PASS,
scripts/methanefuse/qa/audit_live_inventory.py,PASS,
scripts/methanefuse/dataset_building/prepare_two_negative_group_cv.py,PASS,
scripts/methanefuse/dataset_building/make_methanefuse_smoke_dataset_v4.py,PASS,
scripts/methanefuse/dataset_building/build_unified_methane_master_v3.py,PASS,
scripts/methanefuse/dataset_building/recover_missing_methane_sources_v2.py,PASS,
scripts/methanefuse/dataset_building/prepare_strict506_480m_stac.py,PASS,
scripts/methanefuse/dataset_building/build_grouped_experiment_inputs.py,PASS,
scripts/methanefuse/dataset_building/build_master_inventory.py,PASS,
scripts/methanefuse/dataset_building/prepare_baseline_augmented_experiments.py,PASS,
scripts/methanefuse/dataset_building/build_professor_master_inventory.py,PASS,
scripts/methanefuse/dataset_building/prepare_four_query_runs.py,PASS,
scripts/methanefuse/dataset_building/backfill_physical_release_metadata.py,PASS,
scripts/methanefuse/modeling/aggregate_methanefuse_loso_results.py,PASS,
scripts/emit/qa/audit_mars_emit_l2b_final.py,PASS,
scripts/emit/dataset_building/repair_emit_plm_labels.py,PASS,
scripts/emit/dataset_building/freeze_emit_final.py,PASS,
scripts/emit/dataset_building/make_paths_absolute.py,PASS,
scripts/emit/dataset_building/build_emit_real_temporal_fixed.py,PASS,
scripts/emit/dataset_building/prepare_emit_for_methanefuse_v4_resume_rflonly.py,PASS,
scripts/emit/dataset_building/make_emit_t0_repeated_same38.py,PASS,
scripts/emit/dataset_building/make_emit_strict30_sensitivity.py,PASS,
scripts/emit/analysis/compare_emit_strict30_sensitivity.py,PASS,
scripts/emit/analysis/compare_emit_temporal_ablation.py,PASS,
scripts/emit/acquisition/download_mars_emit_l2a_all_v2.py,PASS,
scripts/emit/acquisition/download_emit_v2_posneg.py,PASS,
scripts/emit/matching/search_emit_v2_controlled_release_availability.py,PASS,
scripts/multisensor/utilities/finish_multisite_remaining.py,PASS,
scripts/multisensor/utilities/multisite_pipeline.py,PASS,
scripts/multisensor/utilities/multisensor.py,PASS,
scripts/multisensor/dataset_building/build_five_site_methanefuse_source.py,PASS,
scripts/multisensor/dataset_building/prepare_and_finalize_five_sites.py,PASS,
scripts/multisensor/dataset_building/prepare_methanefuse_five_site_loso.py,PASS,
scripts/multisensor/dataset_building/build_multisensor_master_manifest.py,PASS,
scripts/multisensor/dataset_building/make_multisensor_dataset_summary.py,PASS,
scripts/multisensor/dataset_building/prepare_five_site_methanefuse_zero_shot.py,PASS,
scripts/multisensor/dataset_building/build_multisite_wind_matches_v2.py,PASS,
scripts/methaneair/utilities/methaneair_b5_s2_sensitivity_v6.py,PASS,
scripts/methaneair/utilities/summarize_methaneair_availability.py,PASS,
scripts/methaneair/utilities/methaneair_production_668_v9.py,PASS,
scripts/methaneair/utilities/auto_download_methaneair_s2_patches.py,PASS,
scripts/methaneair/utilities/methaneair_coverage_first_v5.py,PASS,
scripts/methaneair/utilities/map_all45_methaneair_ground_truth.py,PASS,
scripts/methaneair/utilities/rank_methaneair_sites.py,PASS,
scripts/methaneair/utilities/methaneair_l3_corrected_coverage_v8.py,PASS,
scripts/methaneair/utilities/methaneair_s2_corrected_qa_v7_1.py,PASS,
scripts/methaneair/utilities/methaneair_2025_coverage_parallel_v4.py,PASS,
scripts/methaneair/utilities/lock_methaneair_s2_below500_candidates.py,PASS,
scripts/methaneair/visualization/visualize_methaneair_patches.py,PASS,
scripts/methaneair/qa/validate_methaneair_368_methanefuse_loader_v10.py,PASS,
scripts/methaneair/qa/validate_s2_methaneair_overlap.py,PASS,
scripts/methaneair/qa/audit_methaneair_s2_strict_spatial_independence.py,PASS,
scripts/methaneair/qa/qa_methaneair_s2_below500_patches.py,PASS,
scripts/methaneair/qa/check_methaneair_patches.py,PASS,
scripts/methaneair/qa/audit_methaneair_s2_low_emission_candidates.py,PASS,
scripts/methaneair/qa/audit_sentinel2_downloads_v2.py,PASS,
scripts/methaneair/dataset_building/repair_methaneair_sameparent_disjoint_t0_v12.py,PASS,
scripts/methaneair/dataset_building/freeze_build_methaneair_368_methanefuse_v10_1.py,PASS,
scripts/methaneair/dataset_building/make_methaneair_dataset_table.py,PASS,
scripts/methaneair/dataset_building/prepare_selected_methaneair_sites_v2.py,PASS,
scripts/methaneair/dataset_building/build_methaneair_sameparent_paired_benchmark_v11_2.py,PASS,
scripts/methaneair/dataset_building/prepare_methaneair_s2_p1_methanefuse.py,PASS,
scripts/methaneair/dataset_building/build_methaneair_ground_truth.py,PASS,
scripts/methaneair/analysis/analyze_methaneair_sameparent_paired_predictions_v11.py,PASS,
scripts/methaneair/acquisition/download_methaneair_s2_below500_patches.py,PASS,
scripts/methaneair/acquisition/download_methaneair_reference_negatives.py,PASS,
scripts/methaneair/acquisition/download_sentinel2_matches_best_qa_v2.py,PASS,
scripts/methaneair/acquisition/export_methaneair_gee_v2.py,PASS,
scripts/methaneair/acquisition/download_sentinel2_matches.py,PASS,
scripts/methaneair/matching/search_methaneair_s2_scenes_gee.py,PASS,
scripts/methaneair/matching/resolve_methaneair_ultralow_s2_scenes.py,PASS,
scripts/enmap/utilities/retry_enmap_primary259_errors_v1.py,PASS,
scripts/enmap/qa/audit_enmap_primary762_asset_availability_v1.py,PASS,
scripts/enmap/qa/audit_enmap_corrupt_fresh_exact_v1.py,PASS,
scripts/enmap/qa/diagnose_enmap_auth_v1.py,PASS,
scripts/enmap/qa/diagnose_enmap_404_path_repair_v1.py,PASS,
scripts/enmap/qa/audit_enmap_current_exact_v1.py,PASS,
scripts/enmap/dataset_building/build_unified_enmap_inputs_v1.py,PASS,
scripts/enmap/dataset_building/repair_enmap_corrupt_partials_bulk_v3_curl.py,PASS,
scripts/enmap/dataset_building/repair_enmap_partial_prefix_v1.py,PASS,
scripts/enmap/dataset_building/build_enmap_download_manifests_v1.py,PASS,
scripts/enmap/dataset_building/repair_enmap_corrupt_partials_fresh_v1.py,PASS,
scripts/enmap/dataset_building/build_enmap_download_phases_v1.py,PASS,
scripts/enmap/acquisition/download_enmap_primary72h_nominal_v3_fresh.py,PASS,
scripts/enmap/acquisition/download_enmap_primary721_v4_safe_partials.py,PASS,
scripts/enmap/matching/match_all_methane_to_enmap_v4_timestamp_repaired.py,PASS,
scripts/sentinel2/utilities/rematch_casa_grande_s2_exact_date.py,PASS,
scripts/sentinel2/utilities/lock_s2_low_emission_pilot_v1.py,PASS,
scripts/sentinel2/utilities/auto_download_controlled_release_s2_patches.py,PASS,
scripts/sentinel2/utilities/review_s2_unique_low_emission_scenes.py,PASS,
scripts/sentinel2/utilities/actual_s2_45day_parallel_v3.py,PASS,
scripts/sentinel2/utilities/actual_s2_parallel_validation_10parents_v2.py,PASS,
scripts/sentinel2/qa/audit_s2_low_emission_inputs.py,PASS,
scripts/sentinel2/qa/audit_missing_s2_high_emission_wind_sources.py,PASS,
scripts/sentinel2/qa/audit_all_local_s2_reference.py,PASS,
scripts/sentinel2/qa/audit_and_replace_s2_negative_contamination.py,PASS,
scripts/sentinel2/qa/inspect_s2_ground_truth_lineage.py,PASS,
scripts/sentinel2/qa/audit_s2_actual_acquisition_time.py,PASS,
scripts/sentinel2/features/extract_s2_patch_features.py,PASS,
scripts/sentinel2/features/extract_s2_wind_direction_evidence.py,PASS,
scripts/sentinel2/features/extract_s2_true_wind_directions.py,PASS,
scripts/sentinel2/features/extract_and_lock_s2_high_emission_wind_plan.py,PASS,
scripts/sentinel2/dataset_building/build_s2_strict_candidate_inventory.py,PASS,
scripts/sentinel2/dataset_building/finalize_s2_high_emission_positive_manifest.py,PASS,
scripts/sentinel2/dataset_building/finalize_s2_low_emission_scene_manifest.py,PASS,
scripts/sentinel2/dataset_building/build_exact3_s2_480m_smoke_manifest.py,PASS,
scripts/sentinel2/dataset_building/prepare_s2_high_emission_positive_inventory.py,PASS,
scripts/sentinel2/dataset_building/finalize_s2_direct_strict_ground_truth.py,PASS,
scripts/sentinel2/dataset_building/prepare_exact_s2_methanefuse_external_eval.py,PASS,
scripts/sentinel2/dataset_building/build_s2_strict_review_package.py,PASS,
scripts/sentinel2/dataset_building/make_s2_strict_review_compact.py,PASS,
scripts/sentinel2/dataset_building/build_s2_verified_emission_predictions.py,PASS,
scripts/sentinel2/dataset_building/replace_failed_s2_high_emission_negative.py,PASS,
scripts/sentinel2/dataset_building/attach_s2_paths_to_two_group_cv.py,PASS,
scripts/sentinel2/dataset_building/build_s2_high_emission_benchmark_features.py,PASS,
scripts/sentinel2/dataset_building/build_s2_low_emission_pilot_benchmark.py,PASS,
scripts/sentinel2/dataset_building/build_five_site_multisource_manifest_v1.py,PASS,
scripts/sentinel2/dataset_building/complete_s2_high_emission_wind_plan_with_era5land.py,PASS,
scripts/sentinel2/analysis/analyze_s2_source_background_contrast.py,PASS,
scripts/sentinel2/analysis/analyze_s2_low_emission_spatial_anomalies.py,PASS,
scripts/sentinel2/analysis/analyze_s2_recall_by_emission_bin.py,PASS,
scripts/sentinel2/analysis/analyze_s2_directional_sector_anomalies.py,PASS,
scripts/sentinel2/acquisition/download_and_qa_s2_low_emission_negatives.py,PASS,
scripts/sentinel2/acquisition/download_and_qa_s2_low_emission_scenes.py,PASS,
scripts/sentinel2/acquisition/download_and_qa_s2_high_emission_benchmark_v2.py,PASS,
scripts/sentinel2/matching/resolve_s2_high_emission_scene_ids.py,PASS,
scripts/sentinel2/matching/search_s2_matched_negatives_for_low_emission.py,PASS,
scripts/sentinel2/matching/search_s2_exact_low_emission_overlaps.py,PASS,
scripts/sentinel2/matching/search_s2_high_emission_matched_negatives.py,PASS,
scripts/sentinel2/matching/match_s2_candidates_to_raw_release_rows.py,PASS,
scripts/sentinel2/matching/find_and_download_s2_reference_negatives_v4.py,PASS,
scripts/sentinel2/modeling/run_s2_five_site_generalization.py,PASS,
scripts/sentinel2/modeling/run_s2_high_emission_wind_aligned_analysis.py,PASS,
scripts/sentinel2/modeling/run_multisource_s2_model_v2.py,PASS,
scripts/sentinel2/modeling/run_s2_locked_wind_aligned_analysis.py,PASS,
scripts/aviris3/utilities/integrate_aviris3_into_professor_master.py,PASS,
scripts/aviris3/utilities/rematch_av3_l2b_spatial.py,PASS,
scripts/aviris3/qa/validate_aviris3_final20_loader.py,PASS,
scripts/aviris3/dataset_building/build_final_aviris3_methanefuse20.py,PASS,
scripts/aviris3/dataset_building/build_all_av3_methanefuse_58.py,PASS,
scripts/aviris3/dataset_building/build_final_aviris3_methanefuse20_exact.py,PASS,
scripts/aviris3/dataset_building/build_one_av3_methanefuse_test.py,PASS,
legacy/carbon_mapper/utilities/lock_carbonmapper_observation_manifest.py,PASS,
legacy/carbon_mapper/utilities/carbon_mapper_inventory.py,PASS,
legacy/carbon_mapper/qa/inspect_carbonmapper_raw_api_fields.py,PASS,
legacy/carbon_mapper/qa/audit_carbonmapper_controlled_release_source.py,PASS,
legacy/carbon_mapper/qa/diagnose_carbonmapper_filters.py,PASS,
legacy/carbon_mapper/qa/audit_carbonmapper_observation_structure.py,PASS,
legacy/carbon_mapper/qa/inspect_carbonmapper_detection_definition.py,PASS,
legacy/carbon_mapper/dataset_building/prepare_carbonmapper_tanager_scene_candidates.py,PASS,
legacy/carbon_mapper/dataset_building/build_carbonmapper_observation_manifest.py,PASS,
legacy/carbon_mapper/dataset_building/recover_carbon_mapper_times_v1.py,PASS,
legacy/carbon_mapper/dataset_building/rebuild_carbonmapper_candidates_without_quality.py,PASS,
legacy/carbon_mapper/analysis/compare_carbonmapper_ghgsat_performance.py,PASS,
legacy/carbon_mapper/acquisition/download_carbonmapper_multisensor.py,PASS,
legacy/carbon_mapper/acquisition/download_carbonmapper_plume_catalog.py,PASS,
legacy/carbon_mapper/acquisition/download_carbon_mapper_controlled_release.py,PASS,
legacy/carbon_mapper/matching/search_carbonmapper_tanager_landsat_matches.py,PASS,
methanefuse_overrides/examples/load_s2_only_sample.py,PASS,
methanefuse_overrides/src/models/finetune_loramoe_adapter.py,PASS,
methanefuse_overrides/scripts/eval/evaluate_classification.py,PASS,
methanefuse_overrides/scripts/eval/evaluate_classification_with_predictions.py,PASS,
