repo_path,size_bytes,sha256
.gitignore,401,7c1441afd0d0beb600f7bcc52668aba9bd3d697ecae16ae091106b23feba02ce
LICENSE_NOT_SET.md,405,c4dfd4a886b5a4b080f7575d4347467ad9a49ced5ab0e1ab8b97c091ca5d38ea
PATHS_AND_PORTABILITY.md,629,a63bbf368db85ac8dcb9c31d88d06905645a86aa46a9672d0809de4d94d706db
PUSH_TO_GITHUB.sh,297,50c009e93591c24cbe8629c01a46225583952413024805d173a83ab322b73b9e
README.md,3775,82679c599beaf3f30d613303385b6cf0f5f3aaa51a9704ed1452137c5851a6f5
THIRD_PARTY_CODE.md,962,e5278740c5b6a4f80c147c6c99b1db9dbc7b5a18e5ea43d7b67b6d1bd66b944b
docs/curation/CANONICAL_VERSIONS.csv,7837,0a0ba1f2a9fd1faa49dcd8bac8d01564b9a76cfaaf0b720c1996220f2177f55f
docs/curation/CATEGORY_COUNTS.csv,1853,385c66c4aa37c677e43df498b403ee534afc206948fcfbcf7798aaa4cc68beb4
docs/curation/CURATION_REPORT.md,3251,907378469da317ea12279d2e36d4e6f7c84821ee48df27083452c5a057a94c19
docs/curation/EXCLUDED_FILES.csv,40831,7b3ee95e97d52509e643d1a28a18597881599001d3df0c7eb9944592eee9a8f7
docs/curation/LAB_ZERO_BYTE_AUDIT.csv,15598,8f43996bcd3cc2a7a69bb02844114b29310bce6b67b49e8fe43a9b14f9f1032e
docs/curation/PROVENANCE.csv,87311,b462ffc8ca141dade9b2561abb4758a6730f870280074c05189db11e46f4cd3e
docs/curation/PYTHON_SYNTAX_AUDIT.csv,25803,57320f14849067b5876bd4d0ae0eeda1353cf12e74f9267869037e788175fde8
docs/curation/REPO_FILE_INVENTORY.csv,113518,0fc760f4ae024cb55da4fe1d2e00814927edfe4fa46d5a5b687daff57435741c
docs/provenance/emit/EMIT_MethaneFuse_FINAL_FREEZE/README_FINAL.md,4729,c8faeef16b8e36e38aead82f10bd0c1a8bf03051192a20c96fe0ae2af8b91f25
docs/provenance/methaneair/MethaneAIR_S2_SameParent_FINAL_FREEZE/README_FINAL.md,3505,9fef9688b2626b8d119b969385bbd245465d8fcdec9c96793ff373094297a14b
docs/provenance/methaneair/methaneair_full_pipeline/README.md,4777,c7146f5414791c08351d7b19c0325b6cdc7329160362c384bb7ff12b69469b2d
docs/provenance/methanefuse/methanefuse_handoff_75rows/README_GROUND_TRUTH.txt,964,bf44a2ad396bc7d1a7f6fc5ffa97293daf667f02932e7b4a7e1256dc4f04d85f
docs/provenance/methanesat/06_final_freeze/README_FINAL.md,4326,5098736219da733e28b168779893c7e3f4c5a798231ef7f52b4bf273f6187467
docs/provenance/methanesat/methanesat/MethaneSAT_Final_Results_Summary.md,4074,fb2eed473efc61f3ff15e1fe7cfc93069d595d4bccea82ae59dcb075a6fbe00e
docs/provenance/methanesat/methanesat_methanefuse_native_compatibility_audit/COMPATIBILITY_AUDIT.md,740,69cd568918092ecddef6fa633ef5752a21863bb93bb6c98e271bc5dba2745c67
docs/provenance/multisensor/finish_multisite_remaining/README_FIRST.md,2257,91ebc3165509d8fc13ad102fbcaa87e561271e9e383fbd7c7c615a3c38feff03
docs/provenance/multisensor/five_site_loso_tools/README_FIVE_SITE_LOSO.md,2017,e50ee024b2ec7eb7bde312b598955258b5c52fc4190e2b3469d7a1e696a16e7f
docs/provenance/multisensor/five_site_multisource_pipeline/README_FIRST.md,4450,aa5eb0508ead5621f8f534c6d47f888159794fa1af8c2fbcdb480292f505e4df
docs/provenance/multisensor/multisite_steps_1_to_4/README_FIRST.md,4740,448ecbd74c2e8da6988785f85c0d1b2ca510bb8db8330d5a997d659c00d36033
docs/provenance/sentinel2/multisource_s2_model_v2/README_FIRST.txt,2830,586ab2d5a210d86307d7961013b62538aed0fad8800eb9313b28201ef9a2c661
docs/provenance/sentinel2/s2_five_site_expansion_v1/README_FIRST.md,3745,121321a3ee2618147566d44377451293c8a1874a9c803075c68e8eb3401f38dd
env/emit/ENVIRONMENT.txt,1026,bd2cb7846e377aaac66b4662890d2a64517f9a4edd915af39d806ed4b529c182
env/methanefuse/requirements-macos.txt,235,713161f7d6ec3fd5fbea545e38fe1643f3e24852b55ae26c5ec4d639286d02f7
env/methanefuse/requirements_fir.txt,227,644d522cd4cc78853f526901652c4089549cf75cf60c0b05a0f186b933e18066
env/methanefuse/requirements_fir_runtime.txt,218,aee65e5aea0ee78a07b3cad95782f2f12228fff028fe99e41308aee180427512
env/multisensor/requirements.txt,71,6d13fd0328d4c1b5d2f2c8eff77106526e04522e6891335e0211bb254069423f
env/multisensor/requirements__multisite_steps_1_to_4.txt,70,c0b1578d9d733cc50ff9eebf1aa876cdfc5b00a925ed11c3a30b6cec16492578
env/sentinel2/requirements.txt,46,fe4661daca5f28d9d28981dc2af68e80fd2351fdf61d0925ecd97353fcaf4515
hpc/methaneair/run_sentinel2_best_qa_confirmed.sbatch,627,dbeecd41a8c43eca1e1e8676ec642c009cfaa74ad6a5e507028aff929c7ce856
hpc/methaneair/run_sentinel2_best_qa_v2_full.sbatch,666,087b75c6154b3a07ab3e10f630ddd159ca01725d8214a51ada58bd1b651c2bd1
hpc/methaneair/run_sentinel2_download.sbatch,619,f36aa5e596092f453f85038328d5cf914cf627fb86a6421515abc5b8fe28e618
hpc/methanefuse/run_eval_fold1_baseline.slurm,1630,6fc1b1ed0b86c80b62755233dcadce137c1db191d4b420cc9b4f4d916d9c4a5f
hpc/methanefuse/run_eval_two_negative_group_cv_scores.slurm,2013,c1c7aa5ed632feb9fdcd225ea765ba097075f4b6ac897787f5da7bc9781b7d1e
hpc/methanefuse/run_eval_two_negative_group_cv_val_scores.slurm,1668,689841b9a16dc1457889cef2be257067b4f31e718de1cd6bf9ff72d80f1fb01e
hpc/methanefuse/run_methanefuse_two_negative_group_cv.slurm,5596,dae4ad8dd58571456cf2fdf673f4e5f931e29cd18f4b4311156bc8bba731c8b7
hpc/methanefuse/run_strict506_eval.slurm,1138,4e360d4b65d514da8dd567c882d333cf6dc17ae46a92188ccbeab6da809b47fb
hpc/methanefuse/run_strict506_prepare.slurm,2964,0803e8cfd77888ac6cdae644e8a9b32761d2aa15c88fc7aa81a7f81ef69370c9
hpc/methanefuse/run_two_negative_group_multiseed.slurm,4684,8931adad82d73eb2a665b9d8a4ae56055ccd64cd1eaa545515d1e27514d5152e
hpc/methanefuse/test_methanefuse_gpu.slurm,1208,0c02a1f30e285953579c980707fd4f01f33f310d3074ba07017d24d2a8f8e4a1
hpc/multisensor/run_methanefuse_five_site_loso.slurm,3832,0d6507cffb01f3a5a6226da5d8062295610e6bbbf47ab364ec9f7a78d1c72442
hpc/sentinel2/run_exact_s2_expanded_eval.slurm,1542,06c6a537e6d04371828802bb25688c901a60501c1eb28e7082540eedae4f5ce8
hpc/sentinel2/run_exact_s2_external_eval.slurm,909,e2bea12dbd14ad6ecb985625ca1d967a635e9bd622e9792dfbb25a7dfad0f8b2
legacy/carbon_mapper/acquisition/download_carbon_mapper_controlled_release.py,22161,88cb9d340d5ca307a86d31ef714c711e9a28b7413bc43c4b186bda292db5a52f
legacy/carbon_mapper/acquisition/download_carbonmapper_multisensor.py,9351,e7c87681f4f92f0778f600975b8cb4dbd7f431c78041ca535e2adb9ed54d5b0a
legacy/carbon_mapper/acquisition/download_carbonmapper_plume_catalog.py,10131,3275876cadafc8c48d84d1674d9593e288909ac0e875fdae0ec51878dc3dc847
legacy/carbon_mapper/analysis/compare_carbonmapper_ghgsat_performance.py,17240,96c847bfe0f602f9d5d15a59f29a3f5780ce4e7f84197ed4440c4eef1d1d79d8
legacy/carbon_mapper/dataset_building/build_carbonmapper_observation_manifest.py,20507,19c6f7b2a7aabbd73f48ac2070f020b8447e038b96a9f5d4b6d0c81385efd443
legacy/carbon_mapper/dataset_building/prepare_carbonmapper_tanager_scene_candidates.py,10252,e13bd457a68ab7094f126fb36fdc29f5d26f1a09fcbb52d10746d5aa66883a84
legacy/carbon_mapper/dataset_building/rebuild_carbonmapper_candidates_without_quality.py,7612,43402b5bc60fe7e01c6a82251170d631da9a6f36da57051b1aa73fe7a7fd66e2
legacy/carbon_mapper/dataset_building/recover_carbon_mapper_times_v1.py,8616,273d66e5f82f2c8f875fef82eaaa2a7b361e56612c1162f6ccd127f2d784c182
legacy/carbon_mapper/matching/search_carbonmapper_tanager_landsat_matches.py,21096,ab256ac5a41df0d31bcdaeb25c890616a1490c05294268e02dd942912f5caf5c
legacy/carbon_mapper/qa/audit_carbonmapper_controlled_release_source.py,10829,02a2c2d1fd418ee3c969da23d97fe46c61ee78ff2354e06c81b852230f89f9a4
legacy/carbon_mapper/qa/audit_carbonmapper_observation_structure.py,11532,ef1a332a9d27bcd97a983b0157c070c5d76f5347ae6cc1c450a699d727c10da1
legacy/carbon_mapper/qa/diagnose_carbonmapper_filters.py,6621,8b6ca0486c4668f6934cb9a532ae493220c1c4b65b07c89929def87ae1b2a572
legacy/carbon_mapper/qa/inspect_carbonmapper_detection_definition.py,10671,b6e31fbcce97dc1a99e07e764d9391db0ceefb5450c9a05c96b20feee18d4354
legacy/carbon_mapper/qa/inspect_carbonmapper_raw_api_fields.py,4150,ec715099f639394e85b419fe21743a427ff7d008a4d2e5e37241d1366fb1842e
legacy/carbon_mapper/utilities/README_CARBON_MAPPER_DOWNLOAD.md,3249,f37f796959c72d5f889b1da7b8365835b3904177af3d8a8af9316c8da2e3a7bb
legacy/carbon_mapper/utilities/carbon_mapper_inventory.py,13149,1c1f246c95a7247d34c3e2d214c8e957b88bfd03e091ac542358563cc46b4977
legacy/carbon_mapper/utilities/lock_carbonmapper_observation_manifest.py,6996,e3340f916ab6c5320b0d137176392d30bc54f1d13c92fe1a76e7ed93868d2b85
methanefuse_overrides/examples/load_s2_only_sample.py,1625,b4dc79450516f782dfcc916d562ae2cb54f8a51ad800095568a69e00ba3cd9e1
methanefuse_overrides/scripts/eval/evaluate_classification.py,10096,eb629f89521928f78a91a6ec7424701a0adb112ff7422fe5b201854515274231
methanefuse_overrides/scripts/eval/evaluate_classification_with_predictions.py,14974,c76c9e9e65e961b79dd5eba565c73567f276640de08d82ebea85a3c075087924
methanefuse_overrides/src/models/finetune_loramoe_adapter.py,71345,44b51dd0898f858fcd5e8deb2335d7eb6f59ce45fcfbd706d3a0723ed0c0ac83
scripts/aviris3/dataset_building/build_all_av3_methanefuse_58.py,17941,ebc57c16e9f885e5ee88c6359d7860f41ec9df6bc32ee4c8d50cc193415f4d0a
scripts/aviris3/dataset_building/build_final_aviris3_methanefuse20.py,17953,dc6cdbd7f88da1ff420236ee8b0e942fcdab65127932afaa8b4be5fb0dcec813
scripts/aviris3/dataset_building/build_final_aviris3_methanefuse20_exact.py,17959,96d439bf4d0c9ce50d1efa7b2450b6445e171f375cec46781d151013a48b512d
scripts/aviris3/dataset_building/build_one_av3_methanefuse_test.py,24748,2cba55498f3d5a168d07dd78f5153fdc2fdb69d8105a4f52d127d28abd4157f2
scripts/aviris3/qa/validate_aviris3_final20_loader.py,10497,5049691d63beec295c8d3b41b8f94368c590910148a0588992eab7a39d98196a
scripts/aviris3/utilities/integrate_aviris3_into_professor_master.py,29580,6c5cc4ce5fda4c6f61c7715ee6a78065bef43d673df03851d204fff0d37273d7
scripts/aviris3/utilities/rematch_av3_l2b_spatial.py,8622,61d46b6d67fb160cb059815e088021d50a2ec2fb459e3fb4bb46c7e93f75426f
scripts/common/acquisition/download_evanston_confirmed_positive_patches.py,8709,26cf7b70ae11d9947c17627049562b19c8166b087f8008a64c397feef54ae1c5
scripts/common/acquisition/download_evanston_negative_patches.py,8521,da9b43d5f1edf1269ee44170e34cfcbaf5055e8c0910e288ad2e5c57a800e64b
scripts/common/analysis/compare_s5p_positive_negative_anomalies.py,15253,e27864d1a4a8e2bfe396f2db611c86fa286cbc362807b9f7c3998a1f6f0ddd00
scripts/common/dataset_building/build_all_release_intervals_for_s2.py,20122,f5ff2167455f12a45aec0b039ee5981820e71f2c1863ad9f58a86cfba36ca662
scripts/common/dataset_building/build_casa_grande_candidate_decision_table.py,12642,9bf8c15f537b47f91c9737068ace340897128ef97a64234e67d8aed697dc6a92
scripts/common/dataset_building/build_classification_dataset_start.py,8643,b1ac885c4abf2fa5cb187e0eed304083c8d90c2e2b430aed2562307d8d987163
scripts/common/dataset_building/build_controlled_release_master_ground_truth.py,9762,43bab4cac1d63a30640a5a396eef255bfa6c56219080b7cef2ee4edccfa784d2
scripts/common/dataset_building/build_ehrenberg_priority_batch.py,10768,11d622b2bfc5650e267231d097f00b07e85c9372571472ee8584b677a907f238
scripts/common/dataset_building/build_evanston_external_anomaly_features.py,19691,acf6179519ca3bdcf6f78c5373c76920202931fbf089c1572ed7c9d6b08d7336
scripts/common/dataset_building/build_historical_satellite_acquisition_manifest.py,19513,02c41c0a1c42d4044724de852f21648cd800c27915d7a946bbc58935cd834ece
scripts/common/dataset_building/build_methane_event_table.py,28156,5ba20e2540a57367b7ef3fa3e12038ff8752a55ae1d54ead71c783f41c28b371
scripts/common/dataset_building/build_patchvalid_balanced20.py,36187,5bdf54764dd8835dca31951eaa5a8254646546442935fab9a587191a74cc3ee3
scripts/common/dataset_building/build_patchvalid_balanced20_rematched.py,36199,13b8442813f8ebe2e264abb75f80cf2c51a333ab6c89ae08e0138624e26498e7
scripts/common/dataset_building/build_unified_methane_provenance_table.py,15482,b76dbda69477706516bf8c36cdf1224c5a0358e90fc14e3dd60e4f8607df6a8f
scripts/common/dataset_building/freeze_evanston_external_result.py,4151,b838837a703879317237c0705bf3ebc5752009b395e7a856dd945469c99688ba
scripts/common/dataset_building/make_controlled_release_dataset_table.py,1444,e166c568514cfcefffdb1687de8ffd94429759d71720d44909bd0cedbca03246
scripts/common/dataset_building/make_experiment_split.py,2378,3b085b134b55335d14e21bae39c54ce2022f3dc439cb6c075ad827b06de7b88f
scripts/common/dataset_building/make_final_events_for_gee.py,6139,f2b8870142f8a5c84101a09b7f91aa8ad8bad08eff87be594eb7dbbd8e6e785b
scripts/common/dataset_building/make_unique_overpass_table.py,9086,4187c7976b638c200b2bd4f64dc7565378af2d0e9b983fc785d08f6f1d03317f
scripts/common/dataset_building/prepare_rematched_l2b_and_rerun_negatives.py,10385,48ed9feeb88cd0ef709a0c2f488953def1cd88bdaac0810b1450c2a04e83514d
scripts/common/dataset_building/rebuild_evanston_release_windows.py,20642,aa350aa8e0e9d946e192e779ea1d3ad341d7ba1028a7a0dd2dc33ad33baf6c5c
scripts/common/earth_engine/04_gee_check_events.js,214108,6653c99f5f87037006cf04e1b7ff0dd110b31e2cac239aa420d48877919d7fab
scripts/common/earth_engine/08_gee_check_unique_events.js,52555,63af369f6127c1a5b3e3b0c8c8a448dce788146c9dbb7502b45cf676e6c2b98c
scripts/common/earth_engine/10_gee_check_final_events.js,47087,d9b003776fc402c41bb4ba7ca041be332f89d371618a4d49742f4d5caf6333ac
scripts/common/earth_engine/14_export_balanced_test_patches.js,4814,c9fdff691d1e9a73d0a61d236553d57b103f32c4b36e3bc24ab2a550cf42293e
scripts/common/features/extract_frozen_primary_model_contract.py,9650,a578f97b7c72d409c0d3606373c3c16998611dc44a28683ba0be49c4a6244a8f
scripts/common/features/extract_s5p_regional_anomaly_features.py,21629,164c9e6274cbcd8679012ec40e634a36387cd55e1d0270d20da1ae76713fb63d
scripts/common/matching/find_controlled_release_exact_interval_source.py,10986,7aa9f10400b2e7d24fc2f97cf1983976d669bc3974ce5a8ce7860b7ef81bf065
scripts/common/matching/find_release_interval_sources.py,8416,499557e28ec98800ccf2063db266b01e0b9b45635ecdf742daeb433de4bb6450
scripts/common/matching/find_third_site_candidates.py,5026,5b7756883e36143402248e2e82838a2adb0b8864476dd0a59d4cbfc72a5787cb
scripts/common/matching/match_candidates_to_existing_excluded_scenes.py,8365,9c42145894cc8c5dcca9534c6d809f7cdcf4f37cc53b35b823621ceeff31b759
scripts/common/matching/search_evanston_negative_scenes.py,14470,2674dee96c92f364fc24c16ebc4541971db232b60324ad9b6f073b9701ee6a98
scripts/common/matching/search_more_exact_satellite_overlaps.py,14762,f10888d3b7a141e8cb2304fe0fe77f40c5d76e0847fc661b653edd0cf743097c
scripts/common/matching/search_s5p_ch4_controlled_release_availability.py,26310,c28e3d01df19612bd084f7c8168ea8864744f229c908b74f2847ee5cd1c4d2da
scripts/common/modeling/calibrate_frozen_alert_threshold.py,12571,af2b8e268f2efa190dc37d02e977a2e2c763ae81270e149683af8bf3735ec552
scripts/common/modeling/evaluate_evanston_external_frozen_model.py,20798,7e94c979e92bdceee448feb4c51bfe81d45b65c13d7e73687e2f97cfa59aeccd
scripts/common/modeling/evaluate_selected_random_forest_external.py,10772,4730eaed8328d03881e5b9a4e1c9be9d5e8717ceb863c87dbbbe951fdbe7ffd4
scripts/common/modeling/run_lrad_reference_test.py,23290,240f7ca93903fb8e710e8fc4c746571a900fbcdcef5d5f21e357f0a3521e6ef6
scripts/common/modeling/run_reference_similarity_test.py,7176,74dbb01ed13014c0655b5c9d0285a01b641faa181e5dd1e08311dd1de524ca5b
scripts/common/modeling/run_source_centered_contrast.py,18191,c7c4507bec8f28f58b18654706645170d31a27f881b5b0ee900c1f2b8bbc37a9
scripts/common/modeling/train_baseline_classifier.py,3569,c6e86ec9018864add401d2f0e8af6097bb53690e8844c7147bd8795b17009c75
scripts/common/qa/audit_casa_grande_candidate_overpasses.py,17826,0bd7920189c96ce4f9d8729b344f5844971f9abaadd62406bfdc99e0dc19a385
scripts/common/qa/audit_casa_grande_expanded_release_contamination.py,17927,bf888eb0479676e0ee269a67233c5e6819cfd6025a1ccd8728615d589da74117
scripts/common/qa/audit_controlled_release_master_uniqueness.py,14490,420d6f825a8621f384859c4b8ce2d572e9887184448369155af4127a6e2eae3d
scripts/common/qa/audit_ehrenberg_candidate_release_evidence.py,20829,5462aff91d56dd75c9f711403742f11ab575a49ae993775e3dd08fa2efce77d8
scripts/common/qa/audit_historical_satellite_controlled_release_source.py,15333,abe4fe10f13573fce103b4abc6f48aa8538055765782435b0ba80106807df7db
scripts/common/qa/audit_l2a_l2b_true_overlap.py,12416,467f8cf837d41d4a1ad9d69c29e0600f223fba0142b7a271c44ff3c51962773f
scripts/common/qa/audit_methane_project.py,24044,219ec35a1b2dfd4279152b985c88cbba0044bff69f848f5678efad2fb2552860
scripts/common/qa/check_controlled_release_patches.py,1256,6d4eb7ee45ba0d54a18bc19a49e60e7653dbcaaa2670fee210a55e0ac3493c95
scripts/common/qa/inspect_2021_release_flow_sources.py,7940,b3d5e2cbfae6264cca4175aceeff08883c6670acbd8e958b135ed79a940c960c
scripts/common/qa/inspect_downloaded_ground_truth.py,10471,4a2f53279f6fc0b6c83f484c3604776f16043e7414eb6f733adc1a4dd3fd8fd2
scripts/common/qa/inspect_third_site_sources.py,2372,8fea88be4f803d73655a8405d26352529663c52f895528b24d082ab2cf226a89
scripts/common/qa/validate_haynesville_candidate_v1.py,20554,0c50e4e67379f82a3d18861333ed80008081107a3cfb6c3e4eba7d8ecb5d0b75
scripts/common/qa/verify_controlled_release_event_master.py,17797,19009b2beec816da86d0cc49f384c92869967da61516294b45e7fe2f12554f9e
scripts/common/utilities/batch_multisource_40_parallel_v1.py,41012,7418d55ea9c4cb5938601d4b54347067ea18cca7cefdbb436d6d1f8e52d10af8
scripts/common/utilities/clean_exact_overlap_scene_ground_truth.py,10012,53d906cf3af6bce1ccec285a95110182bacfcfbb76094fd17a8616c2f7cd3b1d
scripts/common/utilities/clean_satellite_names.py,911,871c2c010f2b0174ef12e6212248298a1f08f801831dd0d70b4df641ebe2c666
scripts/common/utilities/combine_classification_datasets.py,993,87660a9edaa33485a1f868ee6ff38f467446e37aade3019b08f424c6fcf3d16c
scripts/common/utilities/fix_controlled_release_candidate_latlon.py,3956,79e77b207aa07bbc30b3cb142705e76c715c47033e0bba856d577c07bb1daa9b
scripts/common/utilities/identify_frozen_primary_pipeline.py,8423,f97f56b352ca5bcc0e341e6e27bf0dd96dd704cb70fc68cb4046b2ebd26fea0a
scripts/common/utilities/merge_methane_inventories.py,3174,89279131980ba3748f20b5c87cebdf812df0d6e73273cd91030263b6212593b7
scripts/common/utilities/methane_metadata_scanner_multi_v2.py,19471,81b4ae1ce68b7be5e95742c2e698b8539efb4922dd15486971ad7434b7c3e40a
scripts/common/utilities/methane_metadata_scanner_streaming_v3.py,19865,e250be56bf11a9f8f4c7d86688d8f5561e89371ba13115a45eeda326aae44015
scripts/common/utilities/postprocess_reference_audit_v2.py,12910,b84737e168503d4a43444b0661c2167b7c1303b03bb5505a49e3e1d16125d3cd
scripts/common/utilities/review_evanston_positive_scenes.py,4600,d8874b286d16bfe2f8ff15476b837c1020e4a8c521eea044e66082334bdf9793
scripts/common/utilities/scan_methane_storage.py,10589,e42d32bfd8e5321f4643bf955f730e1d50f77b778bdac2025051b7258c2c9f02
scripts/common/utilities/select_exact_patchvalid_negatives.py,18969,28adb6dc3b445e08e6a7d8e2669f0c6387379095869d51f25d03baa636ae5887
scripts/common/utilities/select_s5p_nearest_valid_orbits.py,8741,5ac0ad6eac2f1f9a2e32db3c2a94220cf9ce1d627288b8f9b293604369689aca
scripts/common/utilities/strict_filter_event_table.py,5908,936a263b8ddd2c2169e7c6fab38207c6a7be7bc0d92f12f2f3cbda8f434a13a2
scripts/common/utilities/summarize_controlled_release_duplicate_groups.py,9860,f99a1ed7257d4ca1f189cbcb9b13fe33d78abde5ddfd307120db0f10eee6ea90
scripts/common/utilities/summarize_valid_wind_subset.py,9237,b0f5bf102fa780d6bbf1072aa1f528c219a6061e7e48e0ea46477f4b6ad89818
scripts/common/visualization/visualize_wrong_predictions.py,2195,02375db9099d2f474d6ee2004cb89a085e17b1c89226d2f8bc6e1ea9d97bdc5c
scripts/common/visualization/visualize_wrong_predictions_swir.py,2747,9a8ef92e4239142d019d93b33969e4ec5a6a53ee0b0fd937b38dd4519cca337d
scripts/emit/acquisition/download_emit_v2_posneg.py,20192,0007d33ec22d6ab25dbc6fdac7c51c6bab37d5a00fe1f45567e4a92875755538
scripts/emit/acquisition/download_mars_emit_l2a_all_v2.py,19889,7e15c700c175033e3c59ed5f10815f54a123793468812beea62d53b54d3e55aa
scripts/emit/analysis/compare_emit_strict30_sensitivity.py,1996,a861389ee466063a407e383dd76764390be417641311ff9d722f6d96c910da23
scripts/emit/analysis/compare_emit_temporal_ablation.py,1666,1fc4ad70632ddedfcae4f1b4a19dd67967132f86ce97acc30f4e76a42ba36b74
scripts/emit/dataset_building/build_emit_real_temporal_fixed.py,18709,90d030c1d41d71c70f80a0cb283d453d8656d466db48c4f17cff4fbf94c2144e
scripts/emit/dataset_building/freeze_emit_final.py,27613,06664bd1eda014d4a0d1e54fe6c2f9e046c99d23d18cdec5df6abdaaaeda8265
scripts/emit/dataset_building/make_emit_strict30_sensitivity.py,4299,9382aa3f9582bf9f900ae2126f8ce5d09f9d32a6e76fc18826db76e34a7cbe82
scripts/emit/dataset_building/make_emit_t0_repeated_same38.py,2094,fa8c4bba924b85dd2d2414f333d2f01aea7c93865f8660b2d7b1d455d8e9d631
scripts/emit/dataset_building/make_paths_absolute.py,834,4a51fe324cd200a45f6f1215156f7430b5493cb314ab1a5cc9dc44a55201c865
scripts/emit/dataset_building/prepare_emit_for_methanefuse_v4_resume_rflonly.py,45490,8a733c4ee64fc50e0b25355b11aac8f5f86b301659513016cd8d57ad25c0a618
scripts/emit/dataset_building/repair_emit_plm_labels.py,3302,ce3bf9da9038a5f75e375ebc6d82586226cade498a41e7c2a46c8978396a3288
scripts/emit/matching/search_emit_v2_controlled_release_availability.py,31629,d573a365a00f800cf82046ac1ce38ae5d984b6a6de6eeeb198765e6a8867d96c
scripts/emit/qa/audit_mars_emit_l2b_final.py,5253,4cfbc3ea48a1c5d90dd5515a1f8b54f98b9579bdbe9991f9d204b873113c5921
scripts/emit/utilities/EMIT_FINAL_FREEZE_RUN_INSTRUCTIONS.txt,1072,ec3de6c3b597be48296284ba2ee39e40f9728c1cf8c186c8e5537455558ca7d6
scripts/enmap/acquisition/download_enmap_primary721_v4_safe_partials.py,29853,48022a657575e8387098b9dbb467f12ea241ea8a48398cf9996652b851d3e35d
scripts/enmap/acquisition/download_enmap_primary72h_nominal_v3_fresh.py,26167,b36f72551aa146cef4383bd45a3602363c87bc5fb396b549cee175bd89120f3c
scripts/enmap/dataset_building/build_enmap_download_manifests_v1.py,15555,a7016aa6e3dbde6df3ce9e9f14a04106c16f8ddbdb7baacd61e93d6d94219693
scripts/enmap/dataset_building/build_enmap_download_phases_v1.py,7434,720cdf3ee245c99affef466bfd3e3564e7ea21c95592ea50face0a2480ce2f02
scripts/enmap/dataset_building/build_unified_enmap_inputs_v1.py,19628,3fff546edc144569e0a1ef31e8e1b0a2c626031afbdcbacefdd7509eb9a574b3
scripts/enmap/dataset_building/repair_enmap_corrupt_partials_bulk_v3_curl.py,11414,823de1b70ce6a70ebd117051d898fc01d3802708bf9be9728752cefa60ebae5c
scripts/enmap/dataset_building/repair_enmap_corrupt_partials_fresh_v1.py,21239,54086ec53adb910baaa7fcda247d130567463c4a5d833d12c78655c41eaae29a
scripts/enmap/dataset_building/repair_enmap_partial_prefix_v1.py,4776,72e5702cc784ae32313e4c34019bd266ded897e329acd3883a32cb1272876b72
scripts/enmap/matching/match_all_methane_to_enmap_v4_timestamp_repaired.py,20516,fd2b410cbe6ee0348146efaf5b569d88bbced963b2b49e9fa46918b33143be8c
scripts/enmap/qa/audit_enmap_corrupt_fresh_exact_v1.py,10357,bdea2de36be41301392f7abf3c2c88ac2fae3e8ea090ea044a8d6dc5974c4081
scripts/enmap/qa/audit_enmap_current_exact_v1.py,11045,e9459ca4562b0c033bd918bce4acf18c1084ea5b668dfb3243dfeda761c046d5
scripts/enmap/qa/audit_enmap_primary762_asset_availability_v1.py,22297,081b28b59dd34bd11a88a5f9f1057349ddd0b76abe4b2b4662572e148cc79164
scripts/enmap/qa/diagnose_enmap_404_path_repair_v1.py,5816,9fd2f0c5f843fb886d27ec507315c817f5030c3a359ad23962db9b6146dbea2e
scripts/enmap/qa/diagnose_enmap_auth_v1.py,3623,cb447e6c760da2fc78ecf9551e2246c0a710bc84c256235cb903f5af031f0137
scripts/enmap/utilities/retry_enmap_primary259_errors_v1.py,22135,074f083c151e650f070dfbb51735d4b240fa447dfd9072e7fa209d53365fb502
scripts/ghgsat/dataset_building/build_ghgsat_observation_manifest.py,23105,4322a1f946728e981cba43823d3772d4294499c697d2291fafa52b4e663b55a8
scripts/ghgsat/qa/audit_ghgsat_controlled_release_source.py,15526,da2d81c8f5d2feef2388c9e11c93d90ade4ba513c26cdc129c37fd9f6df5a04b
scripts/landsat/acquisition/download_ehrenberg_priority_landsat.py,12985,554a96350c1c4f98dd3cb95f1cd92f23cb4b907bc57b999d9602d777bc7c25b4
scripts/landsat/acquisition/download_landsat_selected_matched_negatives.py,13885,6f84f3a1ba2ebd2c0c61fa6db6c2d31713cf405c32f7a978b6460401bc9b5758
scripts/landsat/acquisition/download_targeted_landsat_reviewed_scenes.py,9643,f52ea82f5619920b4ef84223b24d27e8da0e82542667355a05fed5ffd981cd19
scripts/landsat/analysis/analyze_landsat_loocv_errors.py,4540,9db39a512cb89ef5314c589b055c85ef70372d36a901c150d3937671eceda84d
scripts/landsat/dataset_building/build_2022_landsat_scene_label_review.py,6824,eeaeb4a0de8823042872d9387b109ca4b784cd79b42517c63ae1e55b981a3ace
scripts/landsat/dataset_building/build_and_check_landsat_35_scene_benchmark.py,17563,f2e6fc7a1229119626fba5d246c27be285347aad258ec2ff3e1f4cca2a3559e9
scripts/landsat/dataset_building/build_clean_unique_landsat_dataset.py,10638,05321bbe7c2783e03dd4fc14bf24cc05f90458b44cd8f638d39af8facf7cc857
scripts/landsat/dataset_building/build_evanston_landsat_release_manifest.py,6207,2ff71009d4f1145358527ff7545db3490c96feee86ade216f2088475b13509cb
scripts/landsat/dataset_building/build_final_confirmed_landsat_dataset.py,4594,393bdf06cff1b3dcaa11e518e66a2192afd5ae676319b86dd542a9a18b9fa32e
scripts/landsat/dataset_building/build_landsat_global_matched_negative_manifest.py,20837,dc77476bbe5eab8c536a50eb466a3e8f21e521bd9e8c88c09389337054ceb3bc
scripts/landsat/dataset_building/build_landsat_high_emission_background_manifest.py,19598,c65b226cbf387a7e364a8b8c2fcf5a6d36fface2c49ec4b4d41f16f986e803d9
scripts/landsat/dataset_building/build_landsat_positive_release_inventory.py,20792,44c1c7762aa529d961b6ce288f5a48016d99125e147e55c5ebdd54dcd6dcf568
scripts/landsat/dataset_building/build_landsat_v2_datasets.py,20985,8a9d7096b33d70bbbd5b7558c682b7c62ea02a9aafdfe6f5a4bf867d76c40646
scripts/landsat/dataset_building/build_s2_landsat_matched_eval.py,18491,0ae57e4478fb56b8e9e447b08091a6aaf4846261cfef952322599d7d3d838a14
scripts/landsat/dataset_building/finalize_landsat_positive_ground_truth.py,14562,2aa86b11f3c0fbcf5cad5f546b0278fd5f75e6fac4c839d6f2ffc2a897d4136b
scripts/landsat/dataset_building/make_controlled_release_landsat_dataset_table.py,1675,1cbde0ca16854e6aba548d42be4952a003377463c84e3b959e04bae4c286b774
scripts/landsat/dataset_building/prepare_evanston_unique_landsat_overpasses.py,9072,40e328c48349e29535fadbc74b24dbb36370f7821189130c64dbe2eaaa86a4c8
scripts/landsat/dataset_building/prepare_landsat89_methanefuse_zero_shot.py,40359,dc5118997028d498cbd9b78c27f54601e29f08782bf26c4f9cf62a8118f82941
scripts/landsat/dataset_building/prepare_landsat_mixed_label_review.py,7156,0718c6efb059f8d4cc7506cfcee02aacead9295cf82ab5b384193959ac0ddb3c
scripts/landsat/dataset_building/prepare_landsat_selected_negative_download_manifest.py,8580,fb4f60a4f0876c64dd03ea7b45cf679bbf9cee029e36af71cf221ee134a32b7d
scripts/landsat/dataset_building/rebuild_landsat_dataset_with_campaign_schedule.py,10547,d572695ada8524a7088dbfc44ef963a6f7225f4c94555a580096b536b447f43e
scripts/landsat/dataset_building/repair_landsat_confirmed_site_metadata.py,9334,0b55c3b93a640045d5e654a783b2cd15e2f168b150d988508b47997a485ecf1b
scripts/landsat/earth_engine/132_search_evanston_landsat_scenes.js,7662,450daab1990e6f0d6500b2f66d26712493a2d1b409144e58b37ac9fcd49f60df
scripts/landsat/earth_engine/13_export_s2_landsat_patches.js,4984,41429f618677fae506d6da76782b470682f0c7378f69710494ce29fa5c9413e2
scripts/landsat/features/extract_ehrenberg_priority_landsat_features.py,8864,130b7e2d34f46ae3cc296f2a26f94a2bc9a5a83ce70ab96c35d3060902d6441a
scripts/landsat/features/extract_landsat_patch_features.py,19151,c57e99f00700b6a3e77164fcbcba35d5b45023fbc6a8998adfc81e2f3347ba6e
scripts/landsat/features/extract_landsat_temporal_anomaly_features.py,31665,4fcc3fd7d6477f552272cf5609308eb33c084f72c395085097d4a82df9e591d5
scripts/landsat/features/extract_targeted_landsat_reviewed_features.py,9652,b550a8f73cc1d6a5385f50687e976a9b71d3964e79af7511e1fe3303a7e0ab96
scripts/landsat/matching/find_additional_evanston_landsat_events.py,8845,072b74b73cd2ff61e0486562ef6dacebf9bc4155673d0233d098ca8bc4143a4f
scripts/landsat/matching/resolve_landsat_existing_scene_matches.py,5982,314f300eadad776132e0f4f05d55ea5d755765c279a303bf34b95b2adc6e48f4
scripts/landsat/matching/search_evanston_landsat_scenes_local.py,12246,b9d42e00523b19180dbcf624523b5c18484418c3fd43ea244e0f81e6e15c725e
scripts/landsat/matching/search_landsat_casa_grande_expanded_candidates.py,22837,af90fd76b84bf491e1cc44176b1f6a369327cc4abfaddce44a2081eb4204495b
scripts/landsat/matching/search_landsat_matched_negative_candidates.py,22566,2b144f9d59f1bb1b34e67a48243ff52d425122e917fbc0ed6249340fd2e1c9e2
scripts/landsat/modeling/calibrate_landsat_site_baseline_and_evaluate.py,25767,2058e9bfc6f6101428de4baf7dfc9e57faa14841614fc4247ea40cae979ec286
scripts/landsat/modeling/evaluate_landsat_35_scene_grouped_baseline.py,21961,68eab7f9e11e25e495624d9cb3f91763e00ed5a81c8de33e9d18c1f921799d83
scripts/landsat/modeling/evaluate_landsat_leave_one_site_out_v2.py,17579,910361eb404206b24d7b6200b4e9905c8ea93105ad1312e2aec68eae0c85cbb7
scripts/landsat/modeling/evaluate_landsat_temporal_anomaly_grouped.py,21284,7f690776c461e9f1f6d62ad0cd9ba2cb39b5e7c31204092492bf040099292ed5
scripts/landsat/modeling/evaluate_landsat_temporal_anomaly_loso.py,21851,7de3d8f3fd8e63c739699c44283bf38a07bd6afa7eb629040154b75531e7e297
scripts/landsat/modeling/evaluate_landsat_temporal_context_only.py,5282,d9e996572c2312fe99635070857a6cc433a7e02312ae5f635d283a2d18d010c2
scripts/landsat/modeling/train_clean_landsat_baseline.py,16971,23d1f07e63f69d431dfca9ba0dad8b98e727f61bcf9aefd520ef7b3c12e78ded
scripts/landsat/modeling/train_landsat_baseline_classifier.py,8670,cca4fbf31b9120c846bd6a55da4127337395226d0b3879bdfcd3e3955203f1ea
scripts/landsat/qa/audit_all_landsat_pixel_duplicates.py,14506,4504fe9e948f82d7b9a0d718fa52cd2bb6c5dd22ed82cf9f2e3d312d6221084e
scripts/landsat/qa/audit_landsat_candidate_release_contamination.py,17942,c33661aa35e72eeaa3d77e4e274d6090937f80c4bd93c87e4d06fa888142c14f
scripts/landsat/qa/audit_landsat_duplicate_rasters.py,9278,61d1b13cb9acca9ed7a27328a96db9d5fa148be8e0e53df09452f0f04acfc815
scripts/landsat/qa/audit_landsat_matched_negative_pairing.py,18037,12dc277d79a0ff0424dba0d730ed476e2ce1f6d72581998ef4862d4ac02ef23a
scripts/landsat/qa/audit_landsat_modeling_readiness.py,9422,fa6b0e6bf2a4ddf33a6974e5414427833de07e54d472eb596617292e658e6038
scripts/landsat/qa/audit_landsat_negative_candidates.py,9206,4cd9823fa52123ecf15fa4597c1bf408e7009706a3c3276d0667acf9e2a164ec
scripts/landsat/qa/check_controlled_release_landsat_patches.py,1702,5a260fd6bddfcbee816b68fd5cfff7c3ce3a922dc1cf3d16893b52b40a137276
scripts/landsat/qa/check_landsat_matched_negative_patches.py,7163,a2cf8811033380abff03b837a6dd85d482f6c167b63b0ae3f4a98b66a30f07da
scripts/landsat/qa/inspect_2021_landsat_flow_matches.py,11148,cd3854f9eec8140c93c9621f7b91fb71199a3e469374ab3eddcd3b910b8bf99f
scripts/landsat/qa/inspect_2022_landsat_release_intervals.py,8650,6f13ceb81297b0447fa64a28698490d12aa2da7f7ed340a0f39a86163f4a4f2d
scripts/landsat/qa/inspect_frozen_landsat_pipeline.py,3888,6e2caaad27ed311ca1983845ebf5e1b9f346c97b006f452f730c1e71e872dbd6
scripts/landsat/qa/inspect_landsat_before_features.py,11662,e6d2bc49bf4d025b9a15ab938813c2b70a9542c614214a0fb8c1743bd9768fef
scripts/landsat/qa/inspect_landsat_negative_search_inputs.py,6416,57518678d9df08509b09972b4bf2b6c60aa9671a0c2e9aeeb8be4241ca8714de
scripts/landsat/utilities/auto_download_controlled_release_landsat_patches.py,9330,bd9ad95263e96da9866f7562486deabdd7d79ab7846b4d1bdfbfee6f762a1d5b
scripts/landsat/utilities/collapse_landsat_candidates_to_unique_overpasses.py,8976,85d7d1a9477026794c61394da6f74ed8c08709a5768c6053a1b918b1df30d23e
scripts/methaneair/acquisition/download_methaneair_reference_negatives.py,15290,627b68bf71e2e55cfe0a00c8968f266fa6f1f9cf1c4a1baa80bcf42c092707ec
scripts/methaneair/acquisition/download_methaneair_s2_below500_patches.py,11571,6a1e6d290c033a881d536c43c2baa5ae19759b5f08bfa0336e142950fcb3e01d
scripts/methaneair/acquisition/download_sentinel2_matches.py,20277,d05336ba10b9d317cc0d3717407cd069147b918f498246d9a514edce8770f641
scripts/methaneair/acquisition/download_sentinel2_matches_best_qa_v2.py,28178,7db6c0fb88b3b69ee0bf27f4c1da8a5385376334f3f22431a9343224fcab7c80
scripts/methaneair/acquisition/export_methaneair_gee_v2.py,14620,03c579531bcb4663648caf89b00879b54a8acbb7d5feb43c2181f799d9e9d426
scripts/methaneair/analysis/analyze_methaneair_sameparent_paired_predictions_v11.py,5476,ab8450bd443ca55ab04ba36d385be9d7e5ab77caa222eb569f2755cb8c3a0dee
scripts/methaneair/dataset_building/build_methaneair_ground_truth.py,10341,c6d335b6ba082a1e919e9ad6b169dc28b413d5a24d175b157619faa264e2d8fc
scripts/methaneair/dataset_building/build_methaneair_sameparent_paired_benchmark_v11_2.py,51217,15cd25d2fab11029eab5c39ae2bd5fd52b78c83afcb749fdcc7c7b85f7b80515
scripts/methaneair/dataset_building/freeze_build_methaneair_368_methanefuse_v10_1.py,59910,05f68a3d70786d19bee311ee3d949789c608138ab0c7acc178bd25a6ac99bc9d
scripts/methaneair/dataset_building/make_methaneair_dataset_table.py,4355,d126ed0518f0162e8f9d492f0d69da7d63cf7782a242c9beb0e32020da42073d
scripts/methaneair/dataset_building/prepare_methaneair_s2_p1_methanefuse.py,30008,65471844e775a87d3513ec8bc52595bd92dd882501271916c4aa2159857eb3eb
scripts/methaneair/dataset_building/prepare_selected_methaneair_sites_v2.py,15433,8ce38bc343ef79d739c35774047c9cf322f92eda7a731fb1d006aae4fbbf7ada
scripts/methaneair/dataset_building/repair_methaneair_sameparent_disjoint_t0_v12.py,17034,5c8ba47c88a2ba3bdd4b8000af78a51c6bfe3e30339392b794329bcf5299ee03
scripts/methaneair/earth_engine/methaneair_export_code_editor.js,1281,24aae9fb8937c430f0ead0ea46d938c900319b91196939258dd47a6c00e68d53
scripts/methaneair/matching/resolve_methaneair_ultralow_s2_scenes.py,16556,77b4b9a180d7e3dc3652a3703ea21e83bb88e19d9b08f2f8733b1cc8b89b6fc2
scripts/methaneair/matching/search_methaneair_s2_scenes_gee.py,17402,acca806df87c79f40f1b1be780f7efe733e8eaaf3f5bfcbf3c42bfac92a47a46
scripts/methaneair/qa/audit_methaneair_s2_low_emission_candidates.py,6729,ad8f25a8ed3040bf8784658bc7d5ffceeddfd7f6164c1ed994ce5be49402e954
scripts/methaneair/qa/audit_methaneair_s2_strict_spatial_independence.py,10766,ee19cc22011637b463f55d4ad58b9eb50c2fbe164d72ba09cc3cb1be2694dfb2
scripts/methaneair/qa/audit_sentinel2_downloads_v2.py,7571,fc249ccdfdb00404b9be47d69f17c0b3025d4493266ab17b127161f6ecdfed6d
scripts/methaneair/qa/check_methaneair_patches.py,1125,7f6c2df95088a43dd7f659a3df12f4d0ae89e03cd3e5a4f0c8b89de190574571
scripts/methaneair/qa/qa_methaneair_s2_below500_patches.py,13470,5fad1a6b3fa67a2b5b623236cee8e94c0a03fdb62113009caeba40a9ad812bad
scripts/methaneair/qa/validate_methaneair_368_methanefuse_loader_v10.py,5482,489c9ec7be42cc68d598b976b42765b5189c28c1753ad5976c67f68e3b20aee5
scripts/methaneair/qa/validate_s2_methaneair_overlap.py,14943,b28b77b63b054493aae6b77814a2e682f6cbff3c3602762c9560e465ab7fe286
scripts/methaneair/shell/run_methaneair_s2_p1_eval.sh,1023,d878d1c90c93bcc26eac6749393661dcce630d98474da76362d89857eec70184
scripts/methaneair/shell/run_methaneair_s2_p1_eval_360m.sh,1051,b41dd468ca5315d1e2480c829a52cf923c955c8a85813407ebb2dd763c560f4a
scripts/methaneair/utilities/auto_download_methaneair_s2_patches.py,12515,8faef81413c4f3af64a986e8e0a8d004c876280124b142dcce56de6ca0140ccf
scripts/methaneair/utilities/lock_methaneair_s2_below500_candidates.py,7124,cddce2921b9e160eb68ba9ed9f62dbe2d763ad69c0d2962ab9a2b08dc55999db
scripts/methaneair/utilities/map_all45_methaneair_ground_truth.py,25170,9253ce40a7a12ccf5b3ba7489193c0d50122a106b0982b2564eeeaf0ca18e595
scripts/methaneair/utilities/methaneair_2025_coverage_parallel_v4.py,55482,fbf6dcc9f79ffd597d9585a496f0d697e03ff45818640a127cacfcbafb221961
scripts/methaneair/utilities/methaneair_b5_s2_sensitivity_v6.py,31676,4bc5833fe6a5cd6b3a532a4c2e5c84bf5ece2bb5dea0b224fa4e3ca8a6b4b643
scripts/methaneair/utilities/methaneair_coverage_first_v5.py,25605,705aa764e41f0e37665f54d4a3a89b8f6439edeac82aca7de0337ee2d12f3760
scripts/methaneair/utilities/methaneair_l3_corrected_coverage_v8.py,27554,999d7fb615efe9e420e74a16e61582f92da1228217923218966079bd78eb9974
scripts/methaneair/utilities/methaneair_production_668_v9.py,66937,73c9cfeb2c8e554bba9abff84dfa295ea5f6feb42e75a712af78c838bf5fc46d
scripts/methaneair/utilities/methaneair_s2_corrected_qa_v7_1.py,31907,b050f7799697b8c1542879215da6b8ad6316b732c616cc58bf653b458bc44a87
scripts/methaneair/utilities/rank_methaneair_sites.py,3459,d7294e71833197a4040c9283370190f84f075c7f661890199c3774f845e79f6e
scripts/methaneair/utilities/summarize_methaneair_availability.py,1489,af19a91167cf33589c39f9c54958b9059c6dc3a15fd3e96faea90131e160987e
scripts/methaneair/visualization/visualize_methaneair_patches.py,1093,d975febd0629b8e2fb42a7ef124168904e99a93318e2dd7b9725d4c110404b18
scripts/methanefuse/dataset_building/backfill_physical_release_metadata.py,10623,0e1041205a2fa30e46071bb2831c184e98d02d0881f07814999025031ec7e80f
scripts/methanefuse/dataset_building/build_grouped_experiment_inputs.py,9687,4e624ff608ec64d763f826af2d63139e23a8db6dd61bad0ca58d443f9210f0db
scripts/methanefuse/dataset_building/build_master_inventory.py,32687,8c6fd9aeed88f4e51ebb0fc5b25ad3857fc4d00197e96ba4d9e048fa22ad3122
scripts/methanefuse/dataset_building/build_professor_master_inventory.py,16752,fa0933cdad9941b062a0a4dc32306d19727b3ba908041f834505eef34d0ebe08
scripts/methanefuse/dataset_building/build_unified_methane_master_v3.py,37225,74eef6ee334d46fdfe97c770ee1a2d45db3002bd2a645e9c19ef5fad3f39406b
scripts/methanefuse/dataset_building/make_methanefuse_smoke_dataset_v4.py,17418,127ecb067f01aa656042b627c7db7a521bb0c7974af03aea9ce5834e1d46c82d
scripts/methanefuse/dataset_building/prepare_baseline_augmented_experiments.py,12705,46ee0a9d1172d2c09bc0057e4af30d9360b1898aca9cae9425b537d3d5e71791
scripts/methanefuse/dataset_building/prepare_four_query_runs.py,8258,8208bd9df90131f3faa9e7758f0a0d2b6e94311d19d65cc5778cb5fa6289938f
scripts/methanefuse/dataset_building/prepare_strict506_480m_stac.py,9634,dcd2e0fe02280c2cb47d90b632609f4af1bb80c4df3c30f8e7ff08c5ce8c4e69
scripts/methanefuse/dataset_building/prepare_two_negative_group_cv.py,8948,1573ba622cb9b2f6961d58fbb36a06e27704375dbef88d847ceddd5a1c28ab45
scripts/methanefuse/dataset_building/recover_missing_methane_sources_v2.py,23704,eb7e471282b30ef69d1dec2c4f75eb0944986ba1a230e7e9ac13c0be2dc0b797
scripts/methanefuse/modeling/aggregate_methanefuse_loso_results.py,2861,9692eb1817036d20c693f67d6906932adec375b78071076dc4d6150c7d898fcd
scripts/methanefuse/qa/audit_live_inventory.py,8645,0ca4db5afa7b74bec056acdd530f5547443c38250daac455150ab8d82c584144
scripts/methanefuse/qa/audit_two_negative_group_cv.py,3507,71f1ac925b120cf07530ad19b2955a5038163c08c826ce4badd98e58719cb6b8
scripts/methanefuse/shell/run_exact3_methanefuse.sh,3425,6b71b4f4c35247524d45286c982826d86d4b0cfa05d7c084b7e5ecdddc4b98f2
scripts/methanefuse/utilities/patch_eval_wv3_optional.py,3400,201a846ed0f251888f1b6ce373c8ef4d5a03c218df1da2a7dc9a8e38dfcda007
scripts/methanefuse/utilities/start_methane_dataset_expansion_v1.py,28701,351116721daf1be23c44f576e699b0676991fc5c4fff0f2a6b5bbd97ff0be004
scripts/methanesat/acquisition/download_methanesat_temporal_negatives_resume.py,20133,faf12595f44c1e7fbfbb11d15f2b2e50012cf74b69f6b2fdcf3154f78fe37491
scripts/methanesat/acquisition/download_methanesat_temporal_negatives_resume_v2_smbsafe.py,23178,df0350e24326dc264546ea9d3497155d6fdea3460c935559786d856adb0a8900
scripts/methanesat/analysis/analyze_methanesat_116_background_normalized_signal.py,15377,ed3b33384ff1cdda9cf7f5d136de5b37c0eaeb2e3560dd2d7f605fc29f19e010
scripts/methanesat/analysis/analyze_methanesat_116_paired_image_signal.py,11693,addb3f5f8c7788a3e4ccd21a03c672afbeab826f2aeadeb85955b28da14ccadf
scripts/methanesat/analysis/analyze_methanesat_116_spatial_localization.py,25946,627490fcca335a51b44b4e298af7f7ee6255f6f049b8af95a0998b94823fb95f
scripts/methanesat/dataset_building/build_methanesat_120_paired_image_benchmark.py,41671,16e5973ae3d05f07004dadd31ddf31d80fd0ae1e0acf3fa3c5589391f110aa74
scripts/methanesat/dataset_building/build_methanesat_120_paired_image_benchmark_v2_smbsafe.py,43478,93fbdab32b41bb6e1cb261e7284376f863c1621b167664ffa9c3aa27834c60b3
scripts/methanesat/dataset_building/build_methanesat_156_far_temporal_negatives.py,52940,c21dd022491d14dd3ea120209bcd61f30bf1a795f914e2e9633dc6d32a1dbdc0
scripts/methanesat/dataset_building/build_methanesat_156_far_temporal_negatives_v2_skip_corrupt.py,53895,0d20d0fcd2514cb0f86ae356bbc4b57a3490487c8890bb87a8fe8b2a570dc961
scripts/methanesat/dataset_building/build_methanesat_same_site_temporal_negatives.py,18411,1c10e2572897999fb44c70c025986d9fecf39415947ab0379408f0a8ecebb423
scripts/methanesat/dataset_building/build_methanesat_same_site_temporal_negatives_resume.py,23980,2a01bbe6cb574c39159f0f2bb18cb27d1fab66094be481817fbce4f3c0c12d4b
scripts/methanesat/dataset_building/recover_methanesat_120_failed_sides_localstage.py,9063,66bac17855bf97189763d2bb525309b9636f00ab5feaba9b25abc6ba5d80f96c
scripts/methanesat/dataset_building/repair_methanesat_120_with_next_best_controls.py,30600,3736e77de968087c2745f9def91616d5068ced476cf85318dba85854d4decc12
scripts/methanesat/modeling/run_methanesat_raw_local_background.py,25941,4411795cd2f0e4b3b197f00d863ff852a61550e77f90ac19c6aef743d725584a
scripts/methanesat/qa/audit_methanesat_confounds.py,27626,41da0b6ad947321727c28842571cfb2f1d60b706524e037371b65277d7899c47
scripts/methanesat/qa/audit_methanesat_l4point_refresh_canonical.py,16947,e35a179a175f79b165b6de6ed6ed886b65ba4376e97369c6a2027d8e9ecbcbd2
scripts/methanesat/qa/audit_methanesat_methanefuse_native_compatibility.py,6667,271aca39e65b27ba1ce51f808e750baaefbfc91d6e767263e16b9ec14ccc05f0
scripts/methanesat/qa/validate_methanesat_temporal_negatives_against_inventory_v2.py,21587,bd2e78260d923953f813d9444a726b505724c3e842384132207553d8a90d528b
scripts/methanesat/utilities/integrate_methanesat_into_professor_master.py,24311,3772f98589884344faccd20bf030b345d899538ff4aadacd423ba0a9f8e9e05f
scripts/methanesat/utilities/refresh_methanesat_l4point_and_download_missing.py,28028,752396b2eaafdaf2bbce880bc0115b739d37518213844855990652cfd9de1c92
scripts/multisensor/dataset_building/build_five_site_methanefuse_source.py,11504,61ca3a812b203be2db82de8f5127a405df0919dc07c4c9c8349c812c0a7a1866
scripts/multisensor/dataset_building/build_multisensor_master_manifest.py,21590,3ad0a03feb2ed021701dad45ab352e3c3041cf23a955c70b99b0dda06659327e
scripts/multisensor/dataset_building/build_multisite_wind_matches_v2.py,12944,068b499bdc3ba15df483d77edadc1db600295970a6c9de03f4c5de14ebd14b66
scripts/multisensor/dataset_building/make_multisensor_dataset_summary.py,2134,5988c9866178de61ef8c70e8bf5e7d707958c86ee7b363d3c270d6d5ea9043f7
scripts/multisensor/dataset_building/prepare_and_finalize_five_sites.py,19313,edbfa88ef0eb1a677344ac09fd7fd05e3cdad73f0f591f661dc07e12d3ae6eb9
scripts/multisensor/dataset_building/prepare_five_site_methanefuse_zero_shot.py,34479,3a9bae3da7e8fff75a3eff8f2e8d035aefb8216ad0346deb87f7edef56a61ede
scripts/multisensor/dataset_building/prepare_methanefuse_five_site_loso.py,11229,c406d6cebb3e685c7fcb43382a6242f9afebc61f89c9bc681e2d376014b251aa
scripts/multisensor/shell/install_and_prepare.sh,1022,50e7f6c4b7ddff3936462bffad1c427b020f7257609c5184cb490417e6e88b7d
scripts/multisensor/shell/install_multisite_pipeline.sh,957,67130ac6b0ddcdf04c91768db15314dbe22bd3e6839f744f5f2254e8faa501ae
scripts/multisensor/utilities/finish_multisite_remaining.py,28470,4317c5945638c4e75549665ecd54e15b0bdec3da66ce86664a8fe65f5dca08b3
scripts/multisensor/utilities/multisensor.py,26053,511af74777a6d9cccd9567b12743b150721e2a6cb206f1df540260cf717e8488
scripts/multisensor/utilities/multisite_pipeline.py,51637,30685987ea059edc5d80d8258cf60ed2c75cec94b92f36e3065c4574626de972
scripts/sentinel2/acquisition/download_and_qa_s2_high_emission_benchmark_v2.py,15837,37934426dbd876634dc1df053bd01ad6434c0ac300a0194126553f61f5bc97e1
scripts/sentinel2/acquisition/download_and_qa_s2_low_emission_negatives.py,8935,266a31e2d04d5ccad26451e6214f98315dcfc3f7f9d16d5615627f5d2d52d1c0
scripts/sentinel2/acquisition/download_and_qa_s2_low_emission_scenes.py,20772,0bcb221f8e8bdedb10b3b2d0fe200271b306e79c8166db8b4f23fa354ea58a37
scripts/sentinel2/analysis/analyze_s2_directional_sector_anomalies.py,14574,cdd453294828964ad102cb79f1ea5e15cc229ac4288998f3e7d81d9048d71695
scripts/sentinel2/analysis/analyze_s2_low_emission_spatial_anomalies.py,19416,395e8361e9b2387cddd59386b3d035893cbdb753fcfb81b4e6339ea901e3b748
scripts/sentinel2/analysis/analyze_s2_recall_by_emission_bin.py,4014,bc7af26259147622c55bc0a2a7804a7bb1bad6de6287989b23bef0a56f893804
scripts/sentinel2/analysis/analyze_s2_source_background_contrast.py,17255,09e1843620603006c182a83869015a23cc46c01baa4cff54c216b0b379209bfb
scripts/sentinel2/dataset_building/attach_s2_paths_to_two_group_cv.py,8492,2ee25f4b8245101674a9d30d74821254b9834b72dc152202dbfdaec0f06b2dab
scripts/sentinel2/dataset_building/build_exact3_s2_480m_smoke_manifest.py,7357,eb0c5a3a3b37f65bb08eee9daa997695557c4fcc5ecb2ea84a8167239ba3bddf
scripts/sentinel2/dataset_building/build_five_site_multisource_manifest_v1.py,10214,231276e0afd074891495accca7107de36c7c509de5f133bd5ed3eea56702f11d
scripts/sentinel2/dataset_building/build_s2_high_emission_benchmark_features.py,12239,9de32c143dfba972cb8d836dea90a6a3d43170bf42a629c59dd6a553d6d4af39
scripts/sentinel2/dataset_building/build_s2_low_emission_pilot_benchmark.py,21760,9c28d851eb56b0febbf0689ad602aff992a3976e990cc2cfbdc2717e15d1eb1b
scripts/sentinel2/dataset_building/build_s2_strict_candidate_inventory.py,5880,9da1c0b80e26736ee7de97b14dceac637a1f6f8d08a748927cd71ddfeecc7475
scripts/sentinel2/dataset_building/build_s2_strict_review_package.py,6681,a4880ea477952ce0ea9e1627a188b154e653f8cab8e9ee3ead8db15425a4ce33
scripts/sentinel2/dataset_building/build_s2_verified_emission_predictions.py,14873,5bbaaf0bc27dcb45772d00a00941dc7f790d3146824fe63e65cec16549e67f82
scripts/sentinel2/dataset_building/complete_s2_high_emission_wind_plan_with_era5land.py,19797,8cba31a7d8df683f2c25f312a4d4eacb97d35bf6866f35511f2dfc14bee0b357
scripts/sentinel2/dataset_building/finalize_s2_direct_strict_ground_truth.py,9134,b2d9c40025e34c813e9dc0da20604810982b75fbfd553eee843d03876b2e3838
scripts/sentinel2/dataset_building/finalize_s2_high_emission_positive_manifest.py,11547,0e75739d1ea4e47a62d784a842eadf4ed50377d284f85331afc37437310b52ac
scripts/sentinel2/dataset_building/finalize_s2_low_emission_scene_manifest.py,8899,7b130d321f7a5272b6bd8e07021f4932536ed203a6fa149dd51cab46297b5c60
scripts/sentinel2/dataset_building/make_s2_strict_review_compact.py,3889,e03ff3c8634f356512b7a934e4ad28b07ba5916e3b031d34212d27d8fb4a27ea
scripts/sentinel2/dataset_building/prepare_exact_s2_methanefuse_external_eval.py,24734,48e7afc066d70bad100b25b48e07900d9c72e44d90b6ba4b60f0978a4f32ed43
scripts/sentinel2/dataset_building/prepare_s2_high_emission_positive_inventory.py,11296,446e46f03706b465195020b66bf27f19cf61a0906a9dedc7a8a7655ccead38df
scripts/sentinel2/dataset_building/replace_failed_s2_high_emission_negative.py,9509,e3eb78f937a1fb01b662b82c63fbdf298600219c49de6d26440a26caeb47ba38
scripts/sentinel2/features/extract_and_lock_s2_high_emission_wind_plan.py,25774,10c56cc450998554ba0aabab0b689ebe2df8f55627e40989d9db6af09765271c
scripts/sentinel2/features/extract_s2_patch_features.py,3534,511a062f6e9efc634657e992689176f9933c752668cf8f12e6818d0950f41171
scripts/sentinel2/features/extract_s2_true_wind_directions.py,12728,4d9bb4645f6c5556126c9b8228e0ecdf3394391bfd38a537838a2956bafd057d
scripts/sentinel2/features/extract_s2_wind_direction_evidence.py,11905,5878a857ee879d874dc12d9e35f26f83cfec74fc74ba9bcecc15688a32be0a72
scripts/sentinel2/matching/find_and_download_s2_reference_negatives_v4.py,31538,65ae411f9c181e4487368a8bacbd459eca03de0d108e7458a4ee8b408de791be
scripts/sentinel2/matching/match_s2_candidates_to_raw_release_rows.py,11919,07e7f5be3f373a72df2aa8ac3693a58963d8a56e0072f6af9e518ab8c8f233eb
scripts/sentinel2/matching/resolve_s2_high_emission_scene_ids.py,19254,0ecc34c4576c161e159275137b860dcba8d518d9acf109b340cff3217b0322e8
scripts/sentinel2/matching/search_s2_exact_low_emission_overlaps.py,21571,508fb9580a331da8e3bdc0b19c966e9913aaddb4a60a69f5ac1c96b714261bb5
scripts/sentinel2/matching/search_s2_high_emission_matched_negatives.py,28958,70a524f020edcc573d2bca1ec29007088dc4f2ebff1c0e77c4f8b619dcf5aca1
scripts/sentinel2/matching/search_s2_matched_negatives_for_low_emission.py,18682,d7972e3508af705130d6b9ac341c7e5352710430f8bdb721040cb14bf27e627a
scripts/sentinel2/modeling/run_multisource_s2_model_v2.py,35538,6b59d89a3322134819933655cd6ad752e1241f27d34c9cc645ac24036eeab1a8
scripts/sentinel2/modeling/run_s2_five_site_generalization.py,15002,8ff1a11527ccc79df02b4a109aaeda8c686584ec73704290f136014fc26defd1
scripts/sentinel2/modeling/run_s2_high_emission_wind_aligned_analysis.py,33550,39c829ef7e54f31e97e41e791a8116960d1369418e1cf936debcc05c54e865fe
scripts/sentinel2/modeling/run_s2_locked_wind_aligned_analysis.py,24971,93ffdde8c1b92d51142bfb5abfc077c4d728bc3a510b86495a61478108738304
scripts/sentinel2/qa/audit_all_local_s2_reference.py,35787,5473008ae346138e85cb5cca3bac8c935adff6de08fbfd809c0939900771c742
scripts/sentinel2/qa/audit_and_replace_s2_negative_contamination.py,18669,15c5e4f8a1d38fe3ef544cb701cfefc173f30c0bdf88cbc0d92732321dc047a0
scripts/sentinel2/qa/audit_missing_s2_high_emission_wind_sources.py,9845,c99ed3a00d798108f5a6b0381de725b504da6377bc2429850255962ada7aa4fb
scripts/sentinel2/qa/audit_s2_actual_acquisition_time.py,6303,50aad199a5e89cfc8f73d29464d15046fc56ad49ae87403b4e7d2c2b31357291
scripts/sentinel2/qa/audit_s2_low_emission_inputs.py,9896,afef8d715131bc02cd9ecdb0bc7d98d5f266509ab73d7793bfcaae52ae4f89b2
scripts/sentinel2/qa/inspect_s2_ground_truth_lineage.py,4765,a8cb3c64bcc3f174da1f3cde092b40d6539c330ed4e3abcd72a0068c36460816
scripts/sentinel2/shell/install_and_run_multisource_model_v2.sh,1422,a4659eeba30953400c3a22ced497d21fdff1968b19dc1f2e074d19d27921e7b2
scripts/sentinel2/utilities/actual_s2_45day_parallel_v3.py,52934,2b0de7eba389c9a28203ff39c79aa30a944ac60b5bf31cab9a549cb3490b334f
scripts/sentinel2/utilities/actual_s2_parallel_validation_10parents_v2.py,62431,2cca1b8a97ed52759133768ef674f8be1e06269bee26f1c96b1ca7156fbd8b4e
scripts/sentinel2/utilities/auto_download_controlled_release_s2_patches.py,10804,7ff063ece807f547bb89c2c87225ad22952b35f75f3189b8660e0f4c77fdf34b
scripts/sentinel2/utilities/lock_s2_low_emission_pilot_v1.py,12750,342bd2b77a6c05d6baac13e7696e559020b8ac3570e4291edd01004735a1ffed
scripts/sentinel2/utilities/rematch_casa_grande_s2_exact_date.py,7722,5d34296ff80c9d365ea5542e27e996b83edeb3f317c46c47b0c961da74b57606
scripts/sentinel2/utilities/review_s2_unique_low_emission_scenes.py,10046,6e6fcdd02c9568db033a78dcb8fe93e791b10801af7a346f77072652af8ed815
scripts/stanford_controlled_release/acquisition/download_stanford_all_sensor.py,19434,33c1c15ef8f19d0a14c9678bcb6ac636c910a413f6ec059e2d2294e66d49dc5a
scripts/stanford_controlled_release/acquisition/download_stanford_enmap_v4.py,19156,98ec827736c496b58eb31584178877aa35f1566e8fc111a6914bf094052da9fc
scripts/stanford_controlled_release/acquisition/download_stanford_files.py,1684,e3c63b45230700c34c0c4d40d1b58d9282a6a238aadca1c0c6cf4e3a96d232d9
scripts/stanford_controlled_release/acquisition/download_stanford_landsat_v3.py,12346,f04aec14289b02b8c13e2a49c256274937476bf38566909a2b7fd09ce1dd17e3
scripts/stanford_controlled_release/acquisition/download_stanford_sdr_files.py,14450,5a03792a27e54f9a035983e13bb6fc40b93f76376f545b9b1ec5b53bacb3983f
scripts/stanford_controlled_release/matching/resolve_stanford_s2_cdse.py,11494,dd8a2257a3b1ffb3064522be64ed2eb34b5904d8a2759a706aee15b798f1e742
scripts/stanford_controlled_release/qa/audit_ghgsat_stanford_timestamp_structure.py,11730,e42d3c3244d6b2d4df582204d6f43d90740f8c355a3a32681087fce13e00fb84
scripts/stanford_controlled_release/qa/audit_stanford_dataset.py,7910,bd7175378e6d7defbbfcab491f966d12147f0682181ba28b14b60d0eb7aed462
scripts/stanford_controlled_release/qa/audit_stanford_enmap_retry.py,8181,82249cc0791664260da669bc85fee4b4342fd4ffdef560257a26ed42a1994c1f
scripts/stanford_controlled_release/qa/audit_stanford_landsat_emit_enmap.py,22374,c191df20746f50655524f3d7b1d568eaa9e2a4239b2fc39b887da90796f31346
scripts/stanford_controlled_release/qa/inspect_stanford_files.py,961,5f86c7c3138619c817256c1c76acb43dccc20eb07389c2dbe4425f05a5023e6b
scripts/stanford_controlled_release/utilities/merge_stanford_release_summaries.py,15096,86c860ecb05fe1c431b174eae9f11d44bcc52bff6c6ba9315e2a69a5729f70f9
scripts/stanford_controlled_release/utilities/summarize_stanford_landsat_sites.py,10325,2dae9a34da2dd44457e33db31f2772dd4dc00aae30f6b6c34d60aa3631e8ea24
scripts/unep_mars/acquisition/download_mars_s2_direct_smb.py,21883,cfd7687f4daf992ab374fcd539b91c87357ce5e04ae56140612aeadc685dabbf
scripts/unep_mars/acquisition/download_mars_s2_exact_t0.py,22033,a259670a588d3c0c9a56a25b9b14a4fe70141bdd1da17986bed688e9bd5f9718
scripts/unep_mars/acquisition/download_marss2l_development_patches.py,526,3e78232128f99291a8bd4ba626f559e67a192b0bf7f29d1eea49daff10f3dd04
scripts/unep_mars/acquisition/download_marss2l_development_replacements_round1.py,556,99eae7a7d53fe5e7a7ab43fe6a41d6c27c46a03624d91fb324937026589e75d9
scripts/unep_mars/acquisition/download_marss2l_frozen_external_patches.py,20050,e8121bf7346005adb29614a2db667f17a62359d35926bae3a21d3485466c33b5
scripts/unep_mars/acquisition/download_marss2l_metadata.py,681,04db10e34f663d8528a8cd2ea8e62c26c18ca566ec1f02015ef78c5fccd1623b
scripts/unep_mars/acquisition/download_marss2l_replacement_patches.py,378,c25025407173b49726e821c6e7626e106315ac4e49b093a0d2a9650d457b61d2
scripts/unep_mars/acquisition/download_marss2l_v1_2_replacement.py,336,70c79dd46b08a1e6e4a2a82fc2ff1b9e236dfee55affdfe0698400097f01ba68
scripts/unep_mars/acquisition/export_mars_s2_t0_manifest.py,11479,731777af38b16fe1b67fb0c0bbcc00e4909383f66c3b3a15bb8704a1bc55a8d5
scripts/unep_mars/analysis/analyze_mars_s2_resolved.py,12327,1871ad381297af5ffc038c518f631bcbeb39d1efccc6900eb6c0e0719947e77b
scripts/unep_mars/dataset_building/build_marss2l_development_replacements_round1.py,11887,82cec54e7a8401f20e4e9656fffd7d4cb5886d74f9a3ce02677290e88deb1869
scripts/unep_mars/dataset_building/build_marss2l_site_disjoint_development_manifest.py,16646,328ae2777dba5b3e8471bf368c6da7f459af65258cfbad891cbe4ae76807f284
scripts/unep_mars/dataset_building/finalize_marss2l_development_clean_v2.py,15326,4248de1d35dfba31c4ab5f633c2e8e52b69bec94fc7b175c71ff88e3bdcb381a
scripts/unep_mars/dataset_building/freeze_marss2l_external_manifest.py,16450,16670ad89ad6ee568273c98beb9ed8984ec3ed211a25d7c4e0d061c1cec12bf0
scripts/unep_mars/dataset_building/prepare_marss2l_development_download_manifest.py,4451,4947d7862be3db14ecb5adaa78bde691a3d5d7bb03bc11437605b740782d6cf0
scripts/unep_mars/dataset_building/replace_failed_marss2l_negatives.py,10113,686d0f9da8ba19363cca6932158133692e32710ae39d8426a3ba67a65de5eae7
scripts/unep_mars/dataset_building/replace_remaining_failed_marss2l_negative_v1_2.py,11284,2e4bddbac817dd9d1e99d65e5526ff73ed96b66c60e9843c559674253b6daca4
scripts/unep_mars/features/extract_marss2l_development_multifeatures.py,21335,afef98758de1b61c5ef856b6290a948bc415f64b03a28513b5569f9aae80a3b9
scripts/unep_mars/features/extract_marss2l_external_multifeatures.py,15332,ced0e2b5b8dc53f27d26edffc4e1512cf304c81b5c892b36da1da774deed0df3
scripts/unep_mars/modeling/build_and_evaluate_marss2l_frozen_external_model.py,35116,44031b925e301995862660bf306282a54785d96f500b31504b6c1039ce4aecf1
scripts/unep_mars/modeling/train_marss2l_site_disjoint_models.py,28235,79d332d00a37d176f2928a9d964eb733457734bff3e062fabd0364594705b331
scripts/unep_mars/qa/diagnose_marss2l_external_transfer.py,14455,ffdba09b0738097999b254516390db63555466fb110c7a3fa3612b7666257897
scripts/unep_mars/qa/diagnose_marss2l_frozen_external_result.py,14319,c1489460f7ec00457774bcabeec2e246505ec12fe1d8faf10f783003c7434a9f
scripts/unep_mars/qa/inspect_marss2l_landsat_metadata.py,3608,b072d82b6a52e30733e2857d4715165f375a1adc9dc21425f4502342a888125c
scripts/unep_mars/qa/screen_marss2l_development_sites.py,8484,30919be68eb77ebb080026e3cd628f39bbbb485dc92172a5088a6f7a96362134
scripts/unep_mars/qa/screen_marss2l_external_sites.py,14115,0f662feaf7619619d2258e2fdc236658114a2eaa66546bdb2c32f5066e328152
